"stockId","brand","modelNumber","serialNumber","condition","boxIncluded","papersIncluded","notes","wholesalePriceUSD","paperDate","dialType","braceletType","braceletLinkCount","primaryImage","image2","image3","image4","image5","enableOffers","enableOrders","minimumOffer","shippingMethod","paymentMethod"
"3451","Rolex","16600","Z630049","Pre-owned","false","false","","16500","","","Oyster","","https://swissmadecorp.com/images/rolex--16600-30131.jpg","","","","","false","false","","",""
"7484","Rolex","126610LN","7P864069","Unworn","true","true","Not for sale.","0","2020","Non-Numeric Hour Marks","Oyster","","https://swissmadecorp.com/images/rolex-submariner-126610ln-94761.jpg","","","","","false","false","","",""
"9305","Franck Muller","45SCYACHTBLU5N","358","New","true","true","","7800","","","Rubber","","https://swissmadecorp.com/images/franck-muller-vanguard-yachting-v-45-sc-dt-68311.jpg","","","","","false","false","","",""
"9476","Rolex","126300","271120G2","Unworn","true","true","","11000","2021","Non-Numeric Hour Marks","Oyster","","https://swissmadecorp.com/images/rolex-datejust-41mm-126300-stainless-steel-mens-watch-86459.jpg","","","","","false","false","","",""
"10131","Rolex","16570","A302701","Pre-owned","false","false","","8700","","","Oyster","","https://swissmadecorp.com/images/rolex-explorer-ii-16570-73018.jpg","","","","","false","false","","",""
"10183","Rolex","114060","666D4402","Unworn","true","true","","16500","","Non-Numeric Hour Marks","Oyster","","https://swissmadecorp.com/images/rolex-submariner-116610ln-76474.jpg","","","","","false","false","","",""
"10196","Rolex","16750","8384938","Pre-owned","false","true","","13500","1984","","Oyster","","https://swissmadecorp.com/images/rolex-gmt-master-ii-40mm-16750-stainless-steel-mens-watch-22645.jpg","https://swissmadecorp.com/images/rolex-gmt-master-ii-40mm-16750-stainless-steel-mens-watch-56891.jpg","https://swissmadecorp.com/images/rolex-gmt-master-ii-40mm-16750-stainless-steel-mens-watch-50829.jpg","https://swissmadecorp.com/images/rolex-gmt-master-ii-40mm-16750-stainless-steel-mens-watch-50649.jpg","","false","false","","",""
"10327","Rolex","124300","84S167P4","Unworn","true","true","","9500","2022","Roman Numerals","Oyster","","https://swissmadecorp.com/images/rolex-oyster-perpetual-41mm-124300-stainless-steel-mens-watch-FN7SK2ASiZ.jpg","","","","","false","false","","",""
"10590","Rolex","116520","3NR54594","Pre-owned","true","true","","26000","2012","Non-Numeric Hour Marks","Oyster","","https://swissmadecorp.com/images/rolex-daytona-116520-52090.jpg","","","","","false","false","","",""
"10643","Rolex","116520","12M246G8","Pre-owned","true","true","","28500","2014","","Oyster","","https://swissmadecorp.com/images/rolex-daytona-116520-52090.jpg","","","","","false","false","","",""
"10647","Rolex","116520","6V210862","Pre-owned","true","true","","28500","2015","","Oyster","","https://swissmadecorp.com/images/rolex-daytona-116520-52090.jpg","","","","","false","false","","",""
"10660","Rolex","116520","V854182","Pre-owned","false","false","","25000","","","Oyster","","https://swissmadecorp.com/images/rolex-daytona-116520-52090.jpg","","","","","false","false","","",""
"10810","Rolex","326934","8900T011","Unworn","true","true","","21500","2022","","Oyster","","https://swissmadecorp.com/images/rolex-sky-dweller-326934-18278.jpg","","","","","false","false","","",""
"11486","Breitling","AB0117131B1A1","3227828","New","true","true","","5252","2023","","Stainless Steel","","https://swissmadecorp.com/images/breitling-navitimer-8-43mm-ab0117131b1a1-stainless-steel-mens-watch-97445.jpg","https://swissmadecorp.com/images/breitling-navitimer-8-43mm-ab0117131b1a1-stainless-steel-mens-watch-88330.jpg","","","","false","false","","",""
"11501","Breitling","AB01192A1L1A1","3268060","Unworn","true","true","","5740","2023","","Stainless Steel","","https://swissmadecorp.com/images/breitling-aviator-8-b01-curtis-warhawk-ab01192a1l1a1-63318.jpg","","","","","false","false","","",""
"11746","Rolex","326934","17E4W840","Unworn","true","true","","22000","2023","","Oyster","","https://swissmadecorp.com/images/rolex-sky-dweller-326934-15525.jpg","","","","","false","false","","",""
"11828","Rolex","16710","P613646","Pre-owned","false","true","","16500","2000","Non-Numeric Hour Marks","Oyster","","https://swissmadecorp.com/images/rolex-gmt-master-ii-16710-99999.jpg","","","","","false","false","","",""
"11834","Rolex","5513","5838741","Pre-owned","false","false","","19650","","","Oyster","","https://swissmadecorp.com/images/rolex-submariner-5513-55343.jpg","","","","","false","false","","",""
"11980","Rolex","326934","053L4299","Unworn","true","true","","21500","2023","","Oyster","","https://swissmadecorp.com/images/rolex-sky-dweller-42mm-326934-stainless-steel-mens-watch-51375.jpg","","","","","false","false","","",""
"13089","Rolex","16760","9626778","Pre-owned","false","true","","13500","","Non-Numeric Hour Marks","Oyster","","https://swissmadecorp.com/images/rolex-gmt-master-ii-16760-40212.jpg","","","","","false","false","","",""
"13906","Rolex","126300","Q66430F4","Unworn","true","true","","10500","2024","Non-Numeric Hour Marks","Oyster","","https://swissmadecorp.com/images/rolex-datejust-41mm-126300-stainless-steel-mens-watch-NVa9P8OrCH.jpg","","","","","false","false","","",""
"13907","Rolex","124300","2P3G5065","Unworn","true","true","","9700","2024","Non-Numeric Hour Marks","Oyster","","https://swissmadecorp.com/images/rolex-oyster-perpatual-124300-62617.jpg","","","","","false","false","","",""
"14266","Boucheron","WA009305","090-1260","New","false","false","","158000","2021","No Hour Marks","18K White Gold","","https://swissmadecorp.com/images/boucheron-reflet-24mmx39mm-wa009305-18k-white-gold-womens-watch-68761.jpg","","","","","false","false","","",""
"14428","Rolex","126334","16F19346","Unworn","true","true","","14000","2024","Non-Numeric Hour Marks","Oyster","","https://swissmadecorp.com/images/rolex-datejust-41mm-126334-stainless-steel-mens-watch-AJ2NH1Fvmu.jpg","","","","","false","false","","",""
"14544","Rolex","278240","K2719325","Unworn","true","true","","9750","2024","Roman Numerals","Oyster","","https://swissmadecorp.com/images/rolex-datejust-31mm-278240-stainless-steel-unisex-watch-FtXpE0krWP.jpg","","","","","false","false","","",""
"14642","Hermes","040827WW00","3159707  1/24","Pre-owned","false","false","","25400","","Arabic Numerals","Leather","","https://swissmadecorp.com/images/hermes-arceau-cheval-dorient-41mm-040827ww00-18k-white-gold-unisex-watch-XB6XbSEAAe.jpg","","","","","false","false","","",""
"14907","Rolex","16800","9189073","Pre-owned","false","false","","9500","","Non-Numeric Hour Marks","Oyster","","https://swissmadecorp.com/images/rolex-submariner-16800-11258.jpg","","","","","false","false","","",""
"14972","Hermes","CC3.771","3518403","Pre-owned","false","false","14500","11500","","Non-Numeric Hour Marks","Leather","","https://swissmadecorp.com/images/hermes-cape-cod-37mm-cc3771-18k-rose-gold-womens-watch-Vi8ClSiGaL.jpg","","","","","false","false","","",""
"14994","Rolex","68278","8525100","Pre-owned","false","false","","15500","1991","Non-Numeric Hour Marks","18K Yellow Gold","","https://swissmadecorp.com/images/rolex-datejust-31mm-68278-18k-yellow-gold-womens-watch-rFSRn9s0Hk.jpg","","","","","false","false","","",""
"15019","Rolex","126234","53G828W3","New (old stock)","true","true","","13500","2022","Roman Numerals","Oyster","","https://swissmadecorp.com/images/rolex-datejust-126234-61847.jpg","","","","","false","false","","",""
"15191","Hublot","361.CM.7170.LR.1204","1342899  H854","Pre-owned","false","true","","7500","","Arabic Numerals","Leather","","https://swissmadecorp.com/images/hublot-big-bang-38mm-361cm7170lr1204-stainless-steel-unisex-watch-58yIujRWex.jpg","","","","","false","false","","",""
"15268","Hermes","GA!.171","3694722","Pre-owned","false","true","","12000","","No Hour Marks","Leather","","https://swissmadecorp.com/images/hermes-galop-dhermes-32mm-ga171-18k-rose-gold-womens-watch-Z0au4De7UH.jpg","https://swissmadecorp.com/images/hermes-galop-dhermes-32mm-ga171-18k-rose-gold-womens-watch-UbHbGvtbUn.jpg","https://swissmadecorp.com/images/hermes-galop-dhermes-32mm-ga171-18k-rose-gold-womens-watch-lJueGQPM5u.jpg","https://swissmadecorp.com/images/hermes-galop-dhermes-32mm-ga171-18k-rose-gold-womens-watch-HrEiQ098fv.jpg","","false","false","","",""
"15439","Hermes","AR7.C93","3721869","Pre-owned","true","true","18500","15500","","Non-Numeric Hour Marks","Leather","","https://swissmadecorp.com/images/hermes-arceau-38mm-ar7c93-18k-white-gold-unisex-watch-nMMI80L21G.jpg","https://swissmadecorp.com/images/hermes-arceau-38mm-ar7c93-18k-white-gold-unisex-watch-oKc5iv5B1X.jpg","https://swissmadecorp.com/images/hermes-arceau-38mm-ar7c93-18k-white-gold-unisex-watch-uN4iCPmQ5S.jpg","https://swissmadecorp.com/images/hermes-arceau-38mm-ar7c93-18k-white-gold-unisex-watch-degO6J7Qu5.jpg","https://swissmadecorp.com/images/hermes-arceau-38mm-ar7c93-18k-white-gold-unisex-watch-bo6WF8N6Xl.jpg","false","false","","",""
"15459","Rolex","16220","X661985","Pre-owned","false","false","","5800","1991","Non-Numeric Hour Marks","Jubilee","","https://swissmadecorp.com/images/rolex-datejust-36mm-16220-stainless-steel-mens-watch-5eUhqFCOdM.jpg","","","","","false","false","","",""
"15556","Rolex","16710","Y616666","Pre-owned","true","true","","16500","2002","Non-Numeric Hour Marks","Oyster","","https://swissmadecorp.com/images/rolex-gmt-master-ii-40mm-16710-stainless-steel-mens-watch-FRRtxnolaP.jpg","","","","","false","false","","",""
"15854","Rolex","126333","04T6C103","Pre-owned","true","true","","16000","2016","Non-Numeric Hour Marks","Oyster","","https://swissmadecorp.com/images/rolex-datejust-126333-29987.jpg","","","","","false","false","","",""
"15892","Rolex","16710","D887561","Pre-owned","false","true","","15000","2001","Non-Numeric Hour Marks","Oyster","","https://swissmadecorp.com/images/rolex-gmt-master-ii-40mm-16710-stainless-steel-mens-watch-FRRtxnolaP.jpg","","","","","false","false","","",""
"15924","Rolex","136660","113RN008","Pre-owned","false","true","","15500","2024","Non-Numeric Hour Marks","Stainless Steel","","https://swissmadecorp.com/images/rolex-sea-dweller-deep-sea-126660-38781.jpg","","","","","false","false","","",""
"15956","Rolex","69178","L617211","Pre-owned","false","false","","10500","1990","Non-Numeric Hour Marks","President","","https://swissmadecorp.com/images/rolex-datejust-26mm-69178-18k-yellow-gold-womens-watch-mnltvkv38v.jpg","","","","","false","false","","",""
"15983","Rolex","69173","W614216","Pre-owned","false","false","","6500","1988","Non-Numeric Hour Marks","Jubilee","","https://swissmadecorp.com/images/rolex-datejust-26mm-69173-stainless-steel-womens-watch-HTGT3u7UuL.jpg","","","","","false","false","","",""
"16024","Rolex","16613","A559626","Pre-owned","true","true","","13000","1999","No Hour Marks","Oyster","","https://swissmadecorp.com/images/rolex-submariner-40mm-16613-18k-yellow-goldstainless-steel-mens-watch-TZiMISCN1O.jpg","","","","","false","false","","",""
"16027","Rolex","16710","Y871229","Pre-owned","true","true","","17500","2004","Non-Numeric Hour Marks","Oyster","","https://swissmadecorp.com/images/rolex-gmt-master-ii-40mm-16710-stainless-steel-mens-watch-FRRtxnolaP.jpg","","","","","false","false","","",""
"16060","Rolex","16234","L440245","Pre-owned","false","false","","7000","1991","Non-Numeric Hour Marks","Jubilee","","https://swissmadecorp.com/images/rolex-datejust-36mm-16234-stainless-steel-unisex-watch-tgEDhpwtMk.jpg","","","","","false","false","","",""
"16075","Rolex","16233","L981415","Pre-owned","false","false","","7000","1990","Non-Numeric Hour Marks","Jubilee","","https://swissmadecorp.com/images/rolex-datejust-36mm-16233-18k-yellow-goldstainless-steel-mens-watch-8Wj0CRcvgy.jpg","","","","","false","false","","",""
"16083","Rolex","69158","R545651","Pre-owned","false","false","","","1988","Non-Numeric Hour Marks","18K Yellow Gold","","https://swissmadecorp.com/images/rolex-datejust-26mm-69158-18k-yellow-gold-womens-watch-KFvU6FZU9U.jpg","https://swissmadecorp.com/images/rolex-datejust-26mm-69158-18k-yellow-gold-womens-watch-DrUu0gLVsK.jpg","https://swissmadecorp.com/images/rolex-datejust-26mm-69158-18k-yellow-gold-womens-watch-7LgeqhWfoU.jpg","","","false","false","","",""
"16130","Franck Muller","1638 B QZ COL DRM V D","10","Unworn","true","true","","9200","","Arabic Numerals","Leather","","https://swissmadecorp.com/images/franck-muller-infinity-oval-color-dreams-335x40mm-1638-b-qz-col-drm-v-d-18k-white-gold-womens-watch-t4Dlk6Y50x.jpg","","","","","false","false","","",""
"16132","Franck Muller","1638 B QZ COL DRM V D","10A","Unworn","true","true","","7200","","Arabic Numerals","Leather","","https://swissmadecorp.com/images/franck-muller-infinity-oval-color-dreams-335x40mm-1638-b-qz-col-drm-v-d-18k-rose-gold-womens-watch-PpTfOFrKf3.jpg","","","","","false","false","","",""
"16133","Franck Muller","1638 B QZ COL DRM V 5N","20","Unworn","true","true","","6200","","Arabic Numerals","Leather","","https://swissmadecorp.com/images/franck-muller-infinity-oval-color-dreams-335x40mm-1638-b-qz-col-drm-v-5n-18k-rose-gold-womens-watch-dshCVk8rvr.jpg","","","","","false","false","","",""
"16137","Franck Muller","1638 B QZ COL DRM V D","18A","Unworn","true","true","","5200","","Arabic Numerals","Leather","","https://swissmadecorp.com/images/franck-muller-infinity-oval-color-dreams-335x40mm-1638-b-qz-col-drm-v-d-18k-rose-gold-womens-watch-5VxoG7Hiir.jpg","","","","","false","false","","",""
"16138","Franck Muller","1638 B QZ COL DRM V D","13","Unworn","true","true","","7800","","Arabic Numerals","Leather","","https://swissmadecorp.com/images/franck-muller-infinity-oval-color-dreams-335x40mm-1638-b-qz-col-drm-v-d-18k-white-gold-womens-watch-t4Dlk6Y50x.jpg","","","","","false","false","","",""
"16142","Rolex","16264","U305613","Pre-owned","false","false","","7500","1998","Roman Numerals","Jubilee","","https://swissmadecorp.com/images/rolex-datejust-36mm-16264-stainless-steel-mens-watch-nK0AOoL3Gr.jpg","","","","","false","false","","",""
"16289","Rolex","16200","D406320","Pre-owned","false","false","","","2005","Non-Numeric Hour Marks","Oyster","","https://swissmadecorp.com/images/rolex-datejust-36mm-16200-stainless-steel-mens-watch-VIssDXqnDN.jpg","","","","","false","false","","",""
"16304","Rolex","16753","671980","Pre-owned","false","false","","","","Non-Numeric Hour Marks","Oyster","","https://swissmadecorp.com/images/rolex-gmt-master-40mm-16753-18k-yellow-goldstainless-steel-mens-watch-8w9AeRRUKY.jpg","","","","","false","false","","",""
"16420","Rolex","18238","N126465","Pre-owned","false","false","","18500","1990","Non-Numeric Hour Marks","President","","https://swissmadecorp.com/images/rolex-day-date-36mm-18238-18k-yellow-gold-mens-watch-VfrMvIPTXu.jpg","","","","","false","false","","",""
"16423","Rolex","16710","U941493","Pre-owned","false","true","","15500","1999","Non-Numeric Hour Marks","Oyster","","https://swissmadecorp.com/images/rolex-gmt-master-ii-40mm-16710-stainless-steel-mens-watch-ctEGD1sGF5.jpg","","","","","false","false","","",""
"16426","Rolex","16233","X799926","Pre-owned","false","false","","7500","1991","Non-Numeric Hour Marks","Jubilee","","https://swissmadecorp.com/images/rolex-datejust-116233-11722.jpg","","","","","false","false","","",""
"16427","Rolex","16233","P781438","Pre-owned","false","false","","7000","1991","Non-Numeric Hour Marks","Jubilee","","https://swissmadecorp.com/images/rolex-datejust-36mm-16233-18k-yellow-goldstainless-steel-mens-watch-8Wj0CRcvgy.jpg","","","","","false","false","","",""
"16429","Rolex","16233","X650912","Pre-owned","false","false","","7000","1991","Non-Numeric Hour Marks","Jubilee","","https://swissmadecorp.com/images/rolex-datejust-36mm-16233-18k-yellow-goldstainless-steel-mens-watch-LYtfopKKbj.jpg","","","","","false","false","","",""
"16506","Rolex","216570","Z05247U6","Pre-owned","false","true","","9800","2015","Non-Numeric Hour Marks","Oyster","","https://swissmadecorp.com/images/rolex-explorer-ii-216570-48254.jpg","","","","","false","false","","",""
"16518","Rolex","116200","X5200025","Pre-owned","false","false","","7800","2014","Non-Numeric Hour Marks","Oyster","","https://swissmadecorp.com/images/rolex-datejust-116200-37866.jpg","","","","","false","false","","",""
"16534","Rolex","16013","R267387","Pre-owned","false","false","","8000","1988","Non-Numeric Hour Marks","Jubilee","","https://swissmadecorp.com/images/rolex-datejust-36mm-16013-18k-yellow-goldstainless-steel-mens-watch-khRPNngZ0R.jpg","","","","","false","false","","",""
"16539","Bulgari/Bvlgari","102036","PO1319","Unworn","true","true","","17500","","Non-Numeric Hour Marks","18K Rose Gold","","https://swissmadecorp.com/images/bulgaribvlgari-catene-31mm-102036-18k-rose-gold-womens-watch-T9cF28YvzX.jpg","","","","","false","false","","",""
"16549","Rolex","16710","P919169","Pre-owned","false","true","","16500","2002","Non-Numeric Hour Marks","Oyster","","https://swissmadecorp.com/images/rolex-gmt-master-ii-16710-17986.jpg","","","","","false","false","","",""
"16600","Rolex","19018","634179","Pre-owned","false","false","","17500","1984","Non-Numeric Hour Marks","18K Yellow Gold","","https://swissmadecorp.com/images/rolex-day-date-oysterquartz-36mm-19018-18k-yellow-gold-mens-watch-fPMJ2jonok.jpg","","","","","false","false","","",""
"16607","Cartier","WB520009","303277637RX","Pre-owned","false","false","","19000","","Roman Numerals","Satin","","https://swissmadecorp.com/images/cartier-baignoire-33x44mm-wb520009-18k-white-gold-womens-watch-23346.jpg","","","","","false","false","","",""
"16648","Rolex","79173","K480321","Pre-owned","false","false","","","2001","Roman Numerals","Jubilee","","https://swissmadecorp.com/images/rolex-datejust-26mm-79173-18k-yellow-goldstainless-steel-womens-watch-dvrlgbZCZL.jpg","","","","","false","false","","",""
"16678","Rolex","278274","Q5J85905","New (old stock)","true","false","","13000","2020","Non-Numeric Hour Marks","Oyster","","https://swissmadecorp.com/images/rolex-datejust-31mm-278274-stainless-steel-unisex-watch-T9VVVezPMv.jpg","","","","","false","false","","",""
"16679","Rolex","69178","L258349","Pre-owned","false","false","","13500","1991","Non-Numeric Hour Marks","President","","https://swissmadecorp.com/images/rolex-president-26mm-69178-18k-yellow-gold-womens-watch-rS9yeBeMvl.jpg","","","","","false","false","","",""
"16746","Rolex","68273","8506472","Pre-owned","false","false","","7500","","Non-Numeric Hour Marks","18K Yellow Gold/Stainless Steel","","https://swissmadecorp.com/images/rolex-no-date-26-69173-stainless-steel-womens-watch-TCyz1qkziV.jpg","","","","","false","false","","",""
"16750","Rolex","116233","77S8W496","Pre-owned","false","false","","10500","2011-Present","Non-Numeric Hour Marks","Jubilee","","https://swissmadecorp.com/images/rolex-datejust-36mm-116233-18k-yellow-goldstainless-steel-unisex-watch-35866.jpg","https://swissmadecorp.com/images/rolex-datejust-36mm-116233-18k-yellow-goldstainless-steel-unisex-watch-IlRqZIk2cR.jpg","https://swissmadecorp.com/images/rolex-datejust-36mm-116233-18k-yellow-goldstainless-steel-unisex-watch-xsXNvGSuYU.jpg","https://swissmadecorp.com/images/rolex-datejust-36mm-116233-18k-yellow-goldstainless-steel-unisex-watch-VXBV7MxE5s.jpg","https://swissmadecorp.com/images/rolex-datejust-36mm-116233-18k-yellow-goldstainless-steel-unisex-watch-Av5wuiFYb6.jpg","false","false","","",""
"16770","Rolex","69178","8709220","Pre-owned","false","false","","12500","","Non-Numeric Hour Marks","18K Yellow Gold","","https://swissmadecorp.com/images/rolex-datejust-26mm-69178-18k-yellow-gold-womens-watch-iez9MgjpvQ.jpg","","","","","false","false","","",""
"16773","Rolex","69178","R602816","Pre-owned","false","false","","10500","1988","Non-Numeric Hour Marks","18K Yellow Gold","","https://swissmadecorp.com/images/rolex-datejust-26mm-69178-18k-yellow-gold-womens-watch-SeGOUPNguA.jpg","","","","","false","false","","",""
"16777","Rolex","69178","8684123","Pre-owned","false","false","","12500","","Non-Numeric Hour Marks","18K Yellow Gold","","https://swissmadecorp.com/images/rolex-datejust-26mm-69178-18k-yellow-gold-womens-watch-uMUhsywlw4.jpg","","","","","false","false","","",""
"16792","Rolex","116520","Z427073","Pre-owned","false","false","","26000","2006-2007","Non-Numeric Hour Marks","Oyster","","https://swissmadecorp.com/images/rolex-daytona-116520-52090.jpg","","","","","false","false","","",""
"16796","Rolex","279383","0D6650KS","Pre-owned","false","true","","22000","2020","No Hour Marks","Jubilee","","https://swissmadecorp.com/images/rolex-datejust-279383-67120.jpg","","","","","false","false","","",""
"16800","Rolex","68273","8719676","Pre-owned","false","false","","8500","","Roman Numerals","Jubilee","","https://swissmadecorp.com/images/rolex-date-26mm-69173-18k-yellow-goldstainless-steel-womens-watch-18466.jpg","https://swissmadecorp.com/images/rolex-date-26mm-69173-18k-yellow-goldstainless-steel-womens-watch-11129.jpg","https://swissmadecorp.com/images/rolex-date-26mm-69173-18k-yellow-goldstainless-steel-womens-watch-49259.jpg","","","false","false","","",""
"16801","Rolex","68273","N171626","Pre-owned","false","false","","7700","1991","Roman Numerals","Jubilee","","https://swissmadecorp.com/images/rolex-datejust-36mm-16233-18k-yellow-goldstainless-steel-mens-watch-8Wj0CRcvgy.jpg","","","","","false","false","","",""
"16802","Rolex","16233","T312407","Pre-owned","false","false","","","1996","Non-Numeric Hour Marks","Jubilee","","https://swissmadecorp.com/images/rolex-datejust-36mm-16233-18k-yellow-goldstainless-steel-mens-watch-LYtfopKKbj.jpg","","","","","false","false","","",""
"16820","Rolex","116243","R76R0790","Pre-owned","false","false","","15500","2011-Present","Non-Numeric Hour Marks","Jubilee","","https://swissmadecorp.com/images/rolex-datejust-36mm-116243-18k-yellow-goldstainless-steel-unisex-watch-2RYO09lQkI.jpg","","","","","false","false","","",""
"16825","Rolex","6694","3402502","Pre-owned","false","false","","","","Non-Numeric Hour Marks","Oyster","","https://swissmadecorp.com/images/rolex-oyster-precision-date-34mm-6694-stainless-steel-mens-watch-ieQKxGkbkm.jpg","","","","","false","false","","",""
"16899","Hublot","341.SX.7717.NR.1977","277/500","Unworn","true","true","","11500","","Non-Numeric Hour Marks","Leather","","https://swissmadecorp.com/images/hublot-big-bang-snow-leopard-41mm-341sx7717nr1977-stainless-steel-unisex-watch-r7FaM0V6lj.jpg","","","","","false","false","","",""
"16930","Rolex","16613LB","E710959","Pre-owned","false","false","","11000","1990","Non-Numeric Hour Marks","Oyster","","https://swissmadecorp.com/images/rolex-submariner-16613t-26245.jpg","","","","","false","false","","",""
"16972","Hermes","HH1.571e","3200357","Pre-owned","false","false","","9500","","Arabic Numerals","Leather","","https://swissmadecorp.com/images/hermes-heure-h-30x35mm-hh1571e-18k-rose-gold-womens-watch-QDhuJjF6E1.jpg","https://swissmadecorp.com/images/hermes-heure-h-30x35mm-hh1571e-18k-rose-gold-womens-watch-nk6UB8SAqM.jpg","","","","false","false","","",""
"16976","Cartier","WE900651","3004101916QX","Pre-owned","false","false","","14500","","Roman Numerals","Leather","","https://swissmadecorp.com/images/cartier-ballon-bleu-36mm-we900651-18k-white-gold-womens-watch-kbEOXyvdNj.jpg","","","","","false","false","","",""
"16977","Hermes","HH4.273","3655430","Pre-owned","false","false","","13000","","No Hour Marks","Leather","","https://swissmadecorp.com/images/hermes-heure-215x30mm-hh4273-18k-rose-gold-womens-watch-adhootTYcq.jpg","","","","","false","false","","",""
"16991","Hermes","Me2.171","3145407","Pre-owned","false","false","","13500","","Non-Numeric Hour Marks","Leather","","https://swissmadecorp.com/images/hermes-vintage-18mm-me2171-18k-rose-gold-womens-watch-xwAdXW56lO.jpg","https://swissmadecorp.com/images/hermes-vintage-18mm-me2171-18k-rose-gold-womens-watch-JG8sDUwoFM.jpg","","","","false","false","","",""
"17024","Rolex","126603","T5U85363","Pre-owned","false","false","","16500","2011-Present","Non-Numeric Hour Marks","Oyster","","https://swissmadecorp.com/images/rolex-sea-dweller-126603-77170.jpg","","","","","false","false","","",""
"17060","Rolex","116400","M642422","Pre-owned","false","false","","9000","2008","Non-Numeric Hour Marks","Oyster","","https://swissmadecorp.com/images/rolex-milgauss-116400-12330.jpg","","","","","false","false","","",""
"17068","Rolex","116233","Z110508","Pre-owned","false","false","","10000","2006-2007","Roman Numerals","Oyster","","https://swissmadecorp.com/images/rolex-datejust-36mm-116233-i5ostX8XWX.jpg","","","","","false","false","","",""
"17070","Rolex","126233","4R780147","Pre-owned","true","true","","16000","2019","Non-Numeric Hour Marks","Jubilee","","https://swissmadecorp.com/images/rolex-datejust-126233-80730.jpg","","","","","false","false","","",""
"17104","Hermes","W054799WW00 ","HH1.173A-3524013","Pre-owned","false","false","","10000","","No Hour Marks","Leather","","https://swissmadecorp.com/images/hermes-heure-h-172mm-w054799ww00-18k-rose-gold-womens-watch-1zdrbt3Rze.jpg","","","","","false","false","","",""
"17125","Rolex","6917","7350079","Pre-owned","false","false","","","","Non-Numeric Hour Marks","Jubilee","","https://swissmadecorp.com/images/rolex-datejust-26mm-6917-stainless-steel-womens-watch-ZmQXIAXNkT.jpg","","","","","false","false","","",""
"17130","Rolex","179173","F899146","Pre-owned","false","true","","8600","2003-2005","Roman Numerals","Jubilee","","https://swissmadecorp.com/images/rolex-datejust-27mm-179173-18k-yellow-goldstainless-steel-womens-watch-fPOFsics27.jpg","","","","","false","false","","",""
"17133","Rolex","16233","X367507","Pre-owned","false","false","","7000","1991","Non-Numeric Hour Marks","Jubilee","","https://swissmadecorp.com/images/rolex-datejust-36mm-16233-18k-yellow-goldstainless-steel-mens-watch-LYtfopKKbj.jpg","","","","","false","false","","",""
"17134","Rolex","16233","E482787","Pre-owned","false","false","","7000","1990","Non-Numeric Hour Marks","Jubilee","","https://swissmadecorp.com/images/rolex-datejust-36mm-16233-18k-yellow-goldstainless-steel-mens-watch-LYtfopKKbj.jpg","","","","","false","false","","",""
"17136","Rolex","68273","N165726","Pre-owned","false","false","","7700","1991","Non-Numeric Hour Marks","Jubilee","","https://swissmadecorp.com/images/rolex-datejust-31mm-68273-18k-yellow-goldstainless-steel-womens-watch-Ve9k1X37L6.jpg","","","","","false","false","","",""
"17137","Rolex","76193","K282864","Pre-owned","false","false","","5500","2001","Arabic Numerals","Oyster","","https://swissmadecorp.com/images/rolex-oyster-perpetual-24mm-76193-18k-yellow-goldstainless-steel-womens-watch-HigkgQm2KP.jpg","","","","","false","false","","",""
"17140","Cartier","WE900651","3004104102RX","Pre-owned","false","false","","12500","","Roman Numerals","Leather","","https://swissmadecorp.com/images/cartier-ballon-bleu-36mm-we900651-18k-white-gold-womens-watch-075AhSjSWd.jpg","","","","","false","false","","",""
"17141","Rolex","16233","T217858","Pre-owned","false","false","","7000","1996","Non-Numeric Hour Marks","Jubilee","","https://swissmadecorp.com/images/rolex-datejust-36mm-16233-18k-yellow-goldstainless-steel-mens-watch-8Wj0CRcvgy.jpg","","","","","false","false","","",""
"17144","Rolex","1003","2442534","Pre-owned","false","false","","10000","","Non-Numeric Hour Marks","Oyster","","https://swissmadecorp.com/images/rolex-oyster-perpetual-31mm-1003-14k-white-gold-womens-watch-4AE0v4nBGE.jpg","","","","","false","false","","",""
"17146","Rolex","68240","R367779","Pre-owned","false","false","","6500","1988","Non-Numeric Hour Marks","Jubilee","","https://swissmadecorp.com/images/rolex-datejust-68240-55009.jpg","","","","","false","false","","",""
"17147","Rolex","6917","5505591","Pre-owned","false","false","","5000","","Non-Numeric Hour Marks","Leather","","https://swissmadecorp.com/images/rolex-datejust-26mm-6917-18k-yellow-gold-womens-watch-xnnS8bqkaX.jpg","","","","","false","false","","",""
"17150","Rolex","16013","6040199","Pre-owned","false","false","","6000","","Non-Numeric Hour Marks","Jubilee","","https://swissmadecorp.com/images/rolex-datejust-36mm-16013-18k-yellow-goldstainless-steel-mens-watch-JJWyr2FGCI.jpg","","","","","false","false","","",""
"17151","Rolex","16233","R553428","Pre-owned","false","false","","6500","1988","Non-Numeric Hour Marks","Jubilee","","https://swissmadecorp.com/images/rolex-datejust-36mm-16233-18k-yellow-goldstainless-steel-mens-watch-8Wj0CRcvgy.jpg","","","","","false","false","","",""
"17159","Rolex","16234","S318935","Pre-owned","false","false","","6500","1994","Non-Numeric Hour Marks","Jubilee","","https://swissmadecorp.com/images/rolex-datejust-36mm-16234-stainless-steel-unisex-watch-ZCwojOF0cs.jpg","","","","","false","false","","",""
"17160","Rolex","16234","L404315","Pre-owned","false","true","","6500","1989","Non-Numeric Hour Marks","Jubilee","","https://swissmadecorp.com/images/rolex-datejust-16234-78352.jpg","","","","","false","false","","",""
"17161","Rolex","16234","S797532","Pre-owned","false","false","","6500","1994","Non-Numeric Hour Marks","Jubilee","","https://swissmadecorp.com/images/rolex-datejust-16234-78352.jpg","","","","","false","false","","",""
"17162","Rolex","16234","E922825","Pre-owned","false","false","","6500","1990","Non-Numeric Hour Marks","Jubilee","","https://swissmadecorp.com/images/rolex-datejust-16234-78352.jpg","","","","","false","false","","",""
"17240","Rolex","126334","42XA2590","Pre-owned","true","true","","15000","2021","Non-Numeric Hour Marks","Oyster","","https://swissmadecorp.com/images/rolex-datejust-41mm-126334-stainless-steel-mens-watch-52621.jpg","","","","","false","false","","",""
"17246","Rolex","126300","04D65771","Pre-owned","true","true","","9600","2018","Non-Numeric Hour Marks","Oyster","","https://swissmadecorp.com/images/rolex-datejust-41mm-126300-stainless-steel-mens-watch-45014.jpg","","","","","false","false","","",""
"17249","Rolex","126613LB","325K5797","Pre-owned","true","true","","18500","2020","Non-Numeric Hour Marks","Oyster","","https://swissmadecorp.com/images/rolex-submariner-126613lb-19103.jpg","","","","","false","false","","",""
"17260","Rolex","16570","T587825","Pre-owned","false","false","","8600","1996","Non-Numeric Hour Marks","Oyster","","https://swissmadecorp.com/images/rolex-explorer-ii-35782.jpg","","","","","false","false","","",""
"17265","Rolex","15200","K176325","Pre-owned","false","false","","4700","2001","Roman Numerals","Oyster","","https://swissmadecorp.com/images/rolex-date-36mm-15200-stainless-steel-mens-watch-vtxEd393bB.jpg","","","","","false","false","","",""
"17270","Rolex","18078","4226516","Pre-owned","false","false","","18500","","Non-Numeric Hour Marks","President","","https://swissmadecorp.com/images/rolex-day-date-36mm-18078-18k-yellow-gold-mens-watch-X97RcgjYr1.jpg","https://swissmadecorp.com/images/rolex-day-date-36mm-18078-18k-yellow-gold-mens-watch-whM1rJnHsy.jpg","","","","false","false","","",""
"17272","Rolex","16233","U114238","Pre-owned","true","true","","7500","1998","Non-Numeric Hour Marks","Jubilee","","https://swissmadecorp.com/images/rolex-datejust-36mm-16233-18k-yellow-goldstainless-steel-mens-watch-LYtfopKKbj.jpg","","","","","false","false","","",""
"17273","Rolex","18238","N182332","Pre-owned","false","false","","20000","1991","Non-Numeric Hour Marks","President","","https://swissmadecorp.com/images/rolex-day-date-36mm-18238-18k-yellow-gold-0-watch-3pxgJHeaxn.jpg","","","","","false","false","","",""
"17278","Rolex","16253","9182590","Pre-owned","false","false","","6750","","Non-Numeric Hour Marks","Jubilee","","https://swissmadecorp.com/images/rolex-datejust-36mm-16253-18k-yellow-goldstainless-watch-fBI705axOZ.jpg","","","","","false","false","","",""
"17279","Rolex","16613","U439601","New (old stock)","false","false","","10500","","Non-Numeric Hour Marks","Oyster","","https://swissmadecorp.com/images/rolex-submariner-40mm-16613-18k-yellow-goldstainless-steel-mens-watch-30729.jpg","","","","","false","false","","",""
"17294","Rolex","124060","98R7S174","Pre-owned","false","true","","14500","2021","Non-Numeric Hour Marks","Stainless Steel","","https://swissmadecorp.com/images/rolex-submariner-124060-67681.jpg","","","","","false","false","","",""
"17296","Rolex","226570","149F05G5","Pre-owned","true","true","","12250","2022","Non-Numeric Hour Marks","Oyster","","https://swissmadecorp.com/images/rolex-explorer-ii-226570-42270.jpg","","","","","false","false","","",""
"17300","Rolex","278384","G39781Y3","Pre-owned","true","true","","23500","2020","Non-Numeric Hour Marks","Jubilee","","https://swissmadecorp.com/images/rolex-datejust-31mm-278384-stainless-steel-mens-watch-x16AdnaezD.jpg","","","","","false","false","","",""
"17302","Panerai","PAM01058","V0063/1200","Pre-owned","false","false","","7000","","Arabic Numerals","Stainless Steel","","https://swissmadecorp.com/images/patek-philippe-luminor-marina-44mm-pam01058-stainless-steel-mens-watch-L8pI7A8SfQ.jpg","","","","","false","false","","",""
"17305","Cartier","WE9009Z3","300080621NX","Pre-owned","false","false","","29000","","Roman Numerals","18K White Gold","","https://swissmadecorp.com/images/cartier-ballon-bleu-we9009z3-72620.jpg","","","","","false","false","","",""
"17321","Rolex","118205","K416678","Pre-owned","false","true","","25500","2003","Arabic Numerals","Oyster","","https://swissmadecorp.com/images/rolex-datejust-36mm-118205-18k-rose-gold-unisex-watch-87732.jpg","","","","","false","false","","",""
"17337","Cartier","WG600012","3120104592QX","Pre-owned","false","false","","14000","","Roman Numerals","Satin","","https://swissmadecorp.com/images/cartier-captive-35mm-wg600012-18k-white-gold-womens-watch-Xifripd4Rp.jpg","","","","","false","false","","",""
"17343","Cartier","WSPN0007","4016122598WX","Pre-owned","false","true","","7000","2017","Roman Numerals","Stainless Steel","","https://swissmadecorp.com/images/cartier-panthere-wspn0007-39776.jpg","","","","","false","false","","",""
"17371","Cartier","WJBB0028","391935326WX","Pre-owned","false","true","","15500","2018","Roman Numerals","Leather","","https://swissmadecorp.com/images/cartier-ballon-bleu-37mm-wjbb0028-18k-white-gold-womens-watch-xPfoCHpw6X.jpg","","","","","false","false","","",""
"17379","Cartier","WB520009","303226457TX","Pre-owned","false","true","","22000","2014","Roman Numerals","Leather","","https://swissmadecorp.com/images/cartier-baignoire-33x44mm-wb520009-18k-white-gold-womens-watch-8sK2HCDXOE.jpg","","","","","false","false","","",""
"17383","Hermes"," FG4.174","3628375","Pre-owned","false","false","","11500","","No Hour Marks","18K Rose Gold","","https://swissmadecorp.com/images/hermes-faubourg-155mm-fg4174-18k-rose-gold-womens-watch-d028LB7q4F.jpg","","","","","false","false","","",""
"17397","Patek Philippe","3588/7G","1284779 / 2740044","Pre-owned","false","false","","27800","","No Hour Marks","18K White Gold","","https://swissmadecorp.com/images/patek-philippe-calatrava-355mm-35887g-18k-white-gold-womens-watch-HbGB4kFkrM.jpg","","","","","false","false","","",""
"17428","Rolex","16710","P147987","Pre-owned","false","false","","15500","2001","Non-Numeric Hour Marks","Oyster","","https://swissmadecorp.com/images/rolex-gmt-master-ii-40mm-16710-stainless-steel-mens-watch-FRRtxnolaP.jpg","","","","","false","false","","",""
"17453","Rolex","16600","F472948","Pre-owned","true","true","","11000","2004","Non-Numeric Hour Marks","Oyster","","https://swissmadecorp.com/images/rolex--16600-30131.jpg","","","","","false","false","","",""
"17455","Rolex","179174","Z356519","Pre-owned","false","true","","7000","2009","Non-Numeric Hour Marks","Oyster","","https://swissmadecorp.com/images/rolex-datejust-26mm-179174-stainless-steel-womens-watch-3er8YFIhK6.jpg","","","","","false","false","","",""
"17463","Rolex","126233","109396M6","Pre-owned","true","true","","15000","2019","Non-Numeric Hour Marks","Oyster","","https://swissmadecorp.com/images/rolex-datejust-126233-51130.jpg","","","","","false","false","","",""
"17465","Rolex","15200","N215608","Pre-owned","false","false","","6000","1991","Roman Numerals","Oyster","","https://swissmadecorp.com/images/rolex-date-36mm-15200-stainless-steel-mens-watch-vtxEd393bB.jpg","","","","","false","false","","",""
"17496","Cartier","WG600012","85951QX","Pre-owned","false","false","3120 85951QX","15000","","Roman Numerals","Satin","","https://swissmadecorp.com/images/cartier-captive-35mm-wg600012-18k-white-gold-womens-watch-Xifripd4Rp.jpg","","","","","false","false","","",""
"17524","Rolex","116234","3586D2X5","Pre-owned","true","true","","11500","2012","Non-Numeric Hour Marks","Oyster","","https://swissmadecorp.com/images/rolex-datejust-36-mm-116234-bOmZRWyxhO.jpg","","","","","false","false","","",""
"17529","Rolex","336934","871KK783","New","true","true","","29000","2026","Non-Numeric Hour Marks","Stainless Steel","","https://swissmadecorp.com/images/rolex-sky-dweller-42mm-336934-stainless-steel-mens-watch-ohUREgqLmS.jpg","","","","","false","false","","",""
"17535","Rolex","126300","5KP11151","New","true","true","","14000","2026","Non-Numeric Hour Marks","Jubilee","","https://swissmadecorp.com/images/rolex-datejust-41mm-126300-stainless-steel-mens-watch-qXKhkWi62F.jpg","","","","","false","false","","",""
"17565","Cartier","WB520003","3033106561QX","Pre-owned","false","false","","38000","","Roman Numerals","18K Rose Gold","","https://swissmadecorp.com/images/cartier-baignoire-44x34mm-wb520003-18k-rose-gold-womens-watch-34640.jpg","","","","","false","false","","",""
"17588","Hermes","052811WW00","17/24","Pre-owned","false","false","","21500","","Non-Numeric Hour Marks","Leather","","https://swissmadecorp.com/images/hermes-arceau-harnais-francais-remix-38mm-052811ww00-18k-white-gold-womens-watch-aofbOe8HvR.jpg","","","","","false","false","","",""
"17624","Cartier","WJCL0048","3950458110WX","Pre-owned","false","false","","11000","","Roman Numerals","Leather","","https://swissmadecorp.com/images/cartier-cle-35mm-wjcl0048-18k-rose-gold-womens-watch-KrgQ2iHaqn.jpg","","","","","false","false","","",""
"17631","Rolex","16610","D735108","Pre-owned","false","false","","9800","2005","Non-Numeric Hour Marks","Oyster","","https://swissmadecorp.com/images/rolex-submariner-40mm-16610-stainless-steel-mens-watch-YKRlzUSZfO.jpg","","","","","false","false","","",""
"17647","Van Cleef & Arpels","AR6.173","3492557","Pre-owned","false","false","","9000","","Non-Numeric Hour Marks","Leather","","https://swissmadecorp.com/images/van-cleef-arpels-arceau-21mm-ar6173-18k-rose-gold-womens-watch-P0aGJW9D8f.jpg","","","","","false","false","","",""
"17665","Hermes","HH4.272","3538005","Pre-owned","false","true","","9800","2023","No Hour Marks","Leather","","https://swissmadecorp.com/images/hermes-heure-h-25x30mm-w054095ww00-18k-rose-gold-womens-watch-scdJpot1T1.jpg","https://swissmadecorp.com/images/hermes-heure-h-25x30mm-w054095ww00-18k-rose-gold-womens-watch-tuE2Hsmz02.jpg","https://swissmadecorp.com/images/hermes-heure-h-25x30mm-w054095ww00-18k-rose-gold-womens-watch-U4Ui05m3WP.jpg","https://swissmadecorp.com/images/hermes-heure-h-25x30mm-w054095ww00-18k-rose-gold-womens-watch-l56Jlmvgtu.jpg","https://swissmadecorp.com/images/hermes-heure-h-25x30mm-w054095ww00-18k-rose-gold-womens-watch-3mXXHgUBeP.jpg","false","false","","",""
"17674","Rolex","226570","2R899524","Pre-owned","true","true","","12000","2025","Non-Numeric Hour Marks","Oyster","","https://swissmadecorp.com/images/rolex-explorer-ii-42mm-226570-stainless-steel-mens-watch-tJSLrgjNUE.jpg","","","","","false","false","","",""
"17675","Rolex","3N678099","126720VTNR","Pre-owned","false","false","","19500","2011-Present","Non-Numeric Hour Marks","Jubilee","","https://swissmadecorp.com/images/rolex-gmt-master-ii-sprite-126720-16833.jpg","","","","","false","false","","",""
"17681","Rolex","278271","8H32S286","Pre-owned","true","true","","15500","2022","Roman Numerals","Jubilee","","https://swissmadecorp.com/images/rolex-datejust-278271-24530.jpg","","","","","false","false","","",""
"17682","Rolex","69623","U617885","Pre-owned","false","false","","7500","1998","Non-Numeric Hour Marks","Oyster","","https://swissmadecorp.com/images/rolex-yacht-master-30-68623-18k-yellow-goldstainless-steel-womens-watch-LPLnMDtbDo.jpg","","","","","false","false","","",""
"17684","Rolex","69158","R283822","Pre-owned","false","false","","16500","1988","Non-Numeric Hour Marks","18K Yellow Gold","","https://swissmadecorp.com/images/rolex-datejust-26mm-69158-18k-yellow-gold-womens-watch-l4mhem0TBd.jpg","https://swissmadecorp.com/images/rolex-datejust-26mm-69158-18k-yellow-gold-womens-watch-DrUu0gLVsK.jpg","","","","false","false","","",""
"17688","Rolex","16613","A711536","Pre-owned","false","false","","11500","1999","No Hour Marks","Oyster","","https://swissmadecorp.com/images/rolex-submariner-40mm-16613-18k-yellow-goldstainless-steel-mens-watch-TZiMISCN1O.jpg","","","","","false","false","","",""
"17689","Rolex","18038","5766364","Pre-owned","false","false","","19500","","Non-Numeric Hour Marks","President","","https://swissmadecorp.com/images/rolex-day-date-36mm-18038-18k-yellow-gold-mens-watch-lgnC9BHsFh.jpg","","","","","false","false","","",""
"17695","Franck Muller","6002 M QZ","46","Pre-owned","false","false","","10000","","Roman Numerals","Leather","","https://swissmadecorp.com/images/franck-muller-master-of-complications-29mm-6002-lqzrd1r-qFWcy0QCyp.jpg","","","","","false","false","","",""
"17697","Corum","","1899","Pre-owned","false","false","","9500","","Non-Numeric Hour Marks","Leather","","https://swissmadecorp.com/images/corum-coin-35mm-18k-yellow-gold-mens-watch-iKxTRJEjku.jpg","","","","","false","false","","",""
"17699","Rolex","126234","80X535G1","Unworn","true","true","","18500","2026","Roman Numerals","Jubilee","","https://swissmadecorp.com/images/rolex-datejust-36mm-126234-stainless-steel-unisex-watch-GOxOEMPT5K.jpg","","","","","false","false","","",""
"17702","Rolex","116710LN","3ZX78612","Pre-owned","true","true","","14000","2010","No Hour Marks","Oyster","","https://swissmadecorp.com/images/rolex-gmt-master-ii-116710ln-72488.jpg","","","","","false","false","","",""
"17713","Rolex","126334","33Q58409","Pre-owned","false","false","","12500","2011-Present","Non-Numeric Hour Marks","Oyster","","https://swissmadecorp.com/images/rolex-datejust-41mm-126334-55396.jpg","","","","","false","false","","",""
"17714","Rolex","68273","E397179","Pre-owned","false","false","","8500","1990","Non-Numeric Hour Marks","Jubilee","","https://swissmadecorp.com/images/rolex-datejust-31mm-68273-18k-yellow-goldstainless-steel-womens-watch-IpY1lAaT3h.jpg","","","","","false","false","","",""
"17719","Rolex","68274","U204883","Pre-owned","false","false","From Bruce","7800","1998","Non-Numeric Hour Marks","Jubilee","","https://swissmadecorp.com/images/rolex-datejust-78643.jpg","","","","","false","false","","",""
"17732","Rolex","126333","Z88Q4340","Pre-owned","true","true","","14500","2023","Non-Numeric Hour Marks","Oyster","","https://swissmadecorp.com/images/rolex-datejust-126333-83932.jpg","","","","","false","false","","",""
"17733","Rolex","218239","402322","Pre-owned","true","true","","40000","2015","Non-Numeric Hour Marks","President","","https://swissmadecorp.com/images/rolex-day-date-41mm-218239-18k-white-gold-mens-watch-I8FbP7hU0A.jpg","","","","","false","false","","",""
"17749","Rolex","16610","K179798","Pre-owned","false","false","","9800","2001","Non-Numeric Hour Marks","Oyster","","https://swissmadecorp.com/images/rolex-submariner-40mm-16610-stainless-steel-mens-watch-YKRlzUSZfO.jpg","","","","","false","false","","",""
"17756","Patek Philippe","7120G-001","5561939","Pre-owned","false","false","","15500","","Non-Numeric Hour Marks","Satin","","https://swissmadecorp.com/images/patek-philippe-calatrava-31mm-7120g-001-18k-white-gold-womens-watch-9O2STHUGFN.jpg","","","","","false","false","","",""
"17757","Rolex","16518","A479291","Pre-owned","false","true","","36500","2000","Non-Numeric Hour Marks","Leather","","https://swissmadecorp.com/images/rolex-daytona-40mm-16518-18k-yellow-gold-mens-watch-31sJDyMVG8.jpg","","","","","false","false","","",""
"17778","Cartier","WR007001","326897144SX","Pre-owned","false","true","","14500","2016","Roman Numerals","Leather","","https://swissmadecorp.com/images/cartier-ronde-louis-wr007001-37252.jpg","","","","","false","false","","",""
"17781","Cartier","WH100351","2788591182TX","Pre-owned","false","true","","14500","2017","Roman Numerals","Leather","","https://swissmadecorp.com/images/cartier-santos-dumont-30x38mm-wh100351-18k-rose-gold-womens-watch-ei1X1mH9uy.jpg","","","","","false","false","","",""
"17783","Hermes","AR7.B91","3518090 6/24","Pre-owned","true","true","","25000","2021","Non-Numeric Hour Marks","Leather","","https://swissmadecorp.com/images/hermes-arceau-space-derby-41mm-ar7b91-18k-white-gold-unisex-watch-J7cILJIseM.jpg","","","","","false","false","","",""
"17801","Piaget","G0A45004","1275149","Pre-owned","true","true","","30000","","Non-Numeric Hour Marks","Stainless Steel","","https://swissmadecorp.com/images/piaget-polo-skeleton-42mm-g0a45004-stainless-steel-mens-watch-Q6IrUQAVEu.jpg","","","","","false","false","","",""
"17808","Cartier","WA501008"," 370032546UX","Pre-owned","false","true","","16000","2017","Roman Numerals","Leather","","https://swissmadecorp.com/images/cartier-torque-39x31mm-wa501008-18k-rose-gold-womens-watch-jPZiB6EO3w.jpg","","","","","false","false","","",""
"17816","Cartier","WG600004","3245102314QX","Pre-owned","true","true","","26500","2010","Non-Numeric Hour Marks","Leather","","https://swissmadecorp.com/images/cartier-captive-50mm-wg600004-18k-white-gold-womens-watch-ub46X3L6W9.jpg","","","","","false","false","","",""
"17819","Cartier","WA501008","370025268XX","Pre-owned","false","true","","16000","2020","Roman Numerals","Leather","","https://swissmadecorp.com/images/cartier-torque-39x31mm-wa501008-18k-rose-gold-womens-watch-jPZiB6EO3w.jpg","","","","","false","false","","",""
"17830","Rolex","116300","T282F261","Pre-owned","false","false","","8850","2011-Present","Non-Numeric Hour Marks","Oyster","","https://swissmadecorp.com/images/rolex-datejust-41mm-116300-48814.jpeg","","","","","false","false","","",""
"17836","Rolex","16610V","F516898","Pre-owned","false","false","","12500","2003-2005","Non-Numeric Hour Marks","Oyster","","https://swissmadecorp.com/images/rolex-submariner-40mm-16610v-stainless-steel-mens-watch-k61ppXUbBp.jpg","","","","","false","false","","",""
"17838","Rolex","126234","T0H60466","Unworn","true","true","","14000","2021","Non-Numeric Hour Marks","Jubilee","","https://swissmadecorp.com/images/rolex-datejust-36mm-126234-stainless-steel-unisex-watch-84813.jpg","","","","","false","false","","",""
"17843","Rolex","126331","073SR269","Pre-owned","true","true","","19250","2021","Non-Numeric Hour Marks","Jubilee","","https://swissmadecorp.com/images/rolex-datejust-40mm-126331-18k-rose-goldstainless-steel-mens-watch-28110.jpg","","","","","false","false","","",""
"17844","Rolex","278274","0441D2R4","Pre-owned","true","true","","10500","2022","Roman Numerals","Jubilee","","https://swissmadecorp.com/images/rolex-datejust-31mm-278274-stainless-steel-womens-watch-M2HnMnaW3B.jpg","","","","","false","false","","",""
"17848","Rolex","16803","R339302","Pre-owned","false","true","","13500","1988","Non-Numeric Hour Marks","Oyster","","https://swissmadecorp.com/images/rolex-submariner-16803-49038.jpg","","","","","false","false","","",""
"17850","Rolex","79258","P904392","Pre-owned","false","false","","14500","2000","Roman Numerals","President","","https://swissmadecorp.com/images/rolex-president-26mm-79258-18k-yellow-gold-womens-watch-HWkpc5KxJV.jpg","","","","","false","false","","",""
"17852","Cartier","A103939","76","Vintage","false","true","","28000","","Roman Numerals","Leather","","https://swissmadecorp.com/images/cartier-tonneau-265x466mm-we400451-18k-rose-gold-womens-watch-4S59sBHR8Y.jpg","","","","","false","false","","",""
"17854","Rolex","116334","464F26L4","Store Display","false","false","","11500","2011-Present","Non-Numeric Hour Marks","Oyster","","https://swissmadecorp.com/images/rolex-datejust-116334-42148.jpg","","","","","false","false","","",""
"17855","Rolex","1803","2052015","Pre-owned","false","false","","","","Non-Numeric Hour Marks","Leather","","https://swissmadecorp.com/images/rolex-day-date-35mm-1803-18k-yellow-gold-mens-watch-zMcdEgdiYY.jpg","","","","","false","false","","",""
"17888","Rolex","116334","G427960","Pre-owned","false","false","","9750","2010","Non-Numeric Hour Marks","Stainless Steel","","https://swissmadecorp.com/images/rolex-datejust-41mm-116334-stainless-steel-mens-watch-91458.jpg","","","","","false","false","","",""
"17889","Rolex","68273","W465609","Pre-owned","false","true","","8500","1996","Roman Numerals","Jubilee","","https://swissmadecorp.com/images/rolex-datejust-31mm-68273-18k-yellow-goldstainless-steel-womens-watch-54pa1quPNg.jpg","","","","","false","false","","",""
"17891","Rolex","116334","G862709","Pre-owned","false","false","","9750","2010","Non-Numeric Hour Marks","Stainless Steel","","https://swissmadecorp.com/images/rolex-datejust-41mm-116334-stainless-steel-mens-watch-91458.jpg","","","","","false","false","","",""
"17892","Rolex","126333","3855M720","Pre-owned","false","false","","15500","2011-Present","Non-Numeric Hour Marks","Oyster","","https://swissmadecorp.com/images/rolex-10000-41mm-126333-18k-yellow-goldstainless-steel-mens-watch-24150.jpg","","","","","false","false","","",""
"17894","Rolex","116334","01XN5160","Pre-owned","false","false","","9750","2011-Present","Roman Numerals","Oyster","","https://swissmadecorp.com/images/rolex-datejust-116334-17963.jpg","","","","","false","false","","",""
"17906","Rolex","126720vtnr","3N678099","Pre-owned","false","false","","19000","2011-Present","Non-Numeric Hour Marks","Jubilee","","https://swissmadecorp.com/images/rolex-gmt-master-ii-sprite-126720-16833.jpg","","","","","false","false","","",""
"17917","Rolex","16710","F415931","Pre-owned","false","true","","15500","2004","Non-Numeric Hour Marks","Oyster","","https://swissmadecorp.com/images/rolex-gmt-master-ii-16710-17986.jpg","","","","","false","false","","",""
"17920","Rolex","124060","J7H71519","Pre-owned","false","true","","14500","2025","Non-Numeric Hour Marks","Stainless Steel","","https://swissmadecorp.com/images/rolex-submariner-124060-67681.jpg","","","","","false","false","","",""
"17923","Rolex","1803","2555850","Pre-owned","false","false","","9500","","Non-Numeric Hour Marks","Fabric","","https://swissmadecorp.com/images/rolex-datejust-36mm-1803-18k-yellow-goldstainless-steel-mens-watch-8Fw5kWdJYL.jpg","","","","","false","false","","",""
"17930","Hublot","361.pr.2010.lr.1913","876156","Pre-owned","false","false","You exceeded your current quota, please check your plan and billing details. For more information on this error, read the docs: https://platform.openai.com/docs/guides/error-codes/api-errors.","15500","","Roman Numerals","Leather","","https://swissmadecorp.com/images/hublot-bing-bang-38mm-361pr2010lr1913-18k-rose-gold-mens-watch-7s7N1bSrOO.jpg","","","","","false","false","","",""
"17931","Tudor","7021/0","742256","Vintage","false","false","You exceeded your current quota, please check your plan and billing details. For more information on this error, read the docs: https://platform.openai.com/docs/guides/error-codes/api-errors.","15500","","Non-Numeric Hour Marks","Oyster","","https://swissmadecorp.com/images/tudor-submariner-39mm-70210-stainless-steel-mens-watch-aOkqqVWnNc.jpg","","","","","false","false","","",""
"17935","Rolex","126234","1L1543K5","Pre-owned","false","true","You exceeded your current quota, please check your plan and billing details. For more information on this error, read the docs: https://platform.openai.com/docs/guides/error-codes/api-errors.","14000","2025","Non-Numeric Hour Marks","Jubilee","","https://swissmadecorp.com/images/rolex-datejust-36mm-126234-stainless-steel-mens-watch-51476.jpg","","","","","false","false","","",""
"17939","Rolex","116334","G058328","Pre-owned","false","false","","9750","2010","Roman Numerals","Oyster","","https://swissmadecorp.com/images/rolex-datejust-116334-17963.jpg","","","","","false","false","","",""
"17942","Rolex","126613LN","900M2737","Pre-owned","false","true","","17500","2023","Non-Numeric Hour Marks","Oyster","","https://swissmadecorp.com/images/rolex-submariner-126613lb-59683.jpg","","","","","false","false","","",""
"17943","Rolex","116203","D343475","Pre-owned","false","true","","9500","2006","Roman Numerals","Oyster","","https://swissmadecorp.com/images/rolex-datejust-36mm-116203-18k-yellow-goldstainless-steel-unisex-watch-711zBT2nJq.jpg","","","","","false","false","","",""
"17946","Rolex","16600","U756991","Pre-owned","false","true","","11000","1998","Non-Numeric Hour Marks","Oyster","","https://swissmadecorp.com/images/rolex--16600-30131.jpg","","","","","false","false","","",""
"17948","Omega","210.30.42.20.03.002","A258205","Pre-owned","false","true","","8800","2024","Non-Numeric Hour Marks","Stainless Steel","","https://swissmadecorp.com/images/omega-seamaster-diver-42mm-21030422003002-stainless-steel-mens-watch-rGIAM8qXZc.jpg","https://swissmadecorp.com/images/omega-seamaster-diver-42mm-21030422003002-stainless-steel-mens-watch-jZ7TFPslJr.jpg","https://swissmadecorp.com/images/omega-seamaster-diver-42mm-21030422003002-stainless-steel-mens-watch-zcK2bAFSef.jpg","https://swissmadecorp.com/images/omega-seamaster-diver-42mm-21030422003002-stainless-steel-mens-watch-rFgASXYD5s.jpg","https://swissmadecorp.com/images/omega-seamaster-diver-42mm-21030422003002-stainless-steel-mens-watch-7vcikhcwro.jpg","false","false","","",""
"17963","Rolex","126333","ZU400583","Pre-owned","false","false","","16500","2011-Present","Roman Numerals","Jubilee","","https://swissmadecorp.com/images/rolex-datejust-41mm-126333-18k-yellow-goldstainless-steel-mens-watch-77578.jpg","","","","","false","false","","",""
"17969","Rolex","16710","N409434","Pre-owned","true","true","","15500","1993","Non-Numeric Hour Marks","Oyster","","https://swissmadecorp.com/images/rolex-gmt-master-ii-16710-99999.jpg","","","","","false","false","","",""
"17982","Rolex","126301","LW474205","Pre-owned","false","false","","14500","2011-Present","Non-Numeric Hour Marks","18K Rose Gold/Stainless Steel","","https://swissmadecorp.com/images/rolex-datejust-41mm-126301-18k-rose-gold-mens-watch-5yCzNUXmMQ.jpg","","","","","false","false","","",""
"17986","Rolex","18078","9195384","Pre-owned","false","false","","18000","","Non-Numeric Hour Marks","President","","https://swissmadecorp.com/images/rolex-day-date-36mm-18078-18k-yellow-gold-mens-watch-fGB09Jzgn8.jpg","","","","","false","false","","",""
"18008","Patek Philippe","7120G-001","5592697/4755018","Pre-owned","false","false","","16000","","Non-Numeric Hour Marks","Satin","","https://swissmadecorp.com/images/patek-philippe-calatrava-31mm-7120g-001-18k-white-gold-womens-watch-9O2STHUGFN.jpg","","","","","false","false","","",""
"18037","Cartier","W2009251","2788590500TX","Pre-owned","false","false","","8900","","Roman Numerals","Leather","","https://swissmadecorp.com/images/cartier-dumont-385x305mm-w2009251-18k-rose-gold-unisex-watch-QrM6jJXAAm.jpg","","","","","false","false","","",""
"18047","Cartier","WR007001"," 3268127587RX","Pre-owned","false","false","","14500","","Roman Numerals","Leather","","https://swissmadecorp.com/images/cartier-ronde-louis-wr007001-37252.jpg","","","","","false","false","","",""
"18066","Cartier","W2009251","2788625618PX","Pre-owned","false","false","","8900","","Roman Numerals","Leather","","https://swissmadecorp.com/images/cartier-dumont-385mmx303mm-w2009251-18k-rose-gold-unisex-watch-34652.jpg","","","","","false","false","","",""
"18074","Bulgari/Bvlgari","AE36D2CBL","BT1226","Pre-owned","false","false","","18500","","No Hour Marks","Satin","","https://swissmadecorp.com/images/bulgaribvlgari-astrale-cerchi-36mm-ae36d2cbl-18k-yellow-gold-womens-watch-wz9LnvXgLq.jpg","","","","","false","false","","",""
"18076","Rolex","1675","1982621","Pre-owned","false","false","","12000","","Non-Numeric Hour Marks","Oyster","","https://swissmadecorp.com/images/rolex-gmt-master-ii-39mm-1675-stainless-steel-mens-watch-PbCx3WyFvz.jpg","","","","","false","false","","",""
"18088","Rolex","5513","R996264","Pre-owned","false","false","","15000","1988","No Hour Marks","Oyster","","https://swissmadecorp.com/images/rolex-submariner-5513-47586.jpg","","","","","false","false","","",""
"18089","Cartier","","A101580 (890202EV)","Pre-owned","false","false","","38000","","Non-Numeric Hour Marks","18K Yellow Gold","","https://swissmadecorp.com/images/cartier-tortue-22x31mm-18k-yellow-gold-womens-watch-bx8zhZhXwW.jpg","","","","","false","false","","",""
"18102","Cartier","W8000021","306410304XX","Pre-owned","false","false","","20600","","Roman Numerals","Leather","","https://swissmadecorp.com/images/cartier-baignoire-44x34mm-w8000021-18k-rose-gold-womens-watch-FGIFpWmwiu.jpg","https://swissmadecorp.com/images/cartier-baignoire-44x34mm-w8000021-18k-rose-gold-womens-watch-4CIiHIHSI3.jpg","","","","false","false","","",""
"18105","Harry Winston","400/UAB136W","030696","Pre-owned","false","true","","18500","","Arabic Numerals","President","","https://swissmadecorp.com/images/harry-winston-ocean-bi-retro-day-date-38mm-400uab136w-18k-white-gold-womens-watch-E8mcrASeiF.jpg","","","","","false","false","","",""
"18111","Rolex","126334","7Z7420R5","Pre-owned","true","true","","15500","2020","Non-Numeric Hour Marks","Jubilee","","https://swissmadecorp.com/images/rolex-datejust-126334-68966.jpg","","","","","false","false","","",""
"18113","Rolex","18338","N24065","Pre-owned","false","false","","25000","1991","Non-Numeric Hour Marks","18K Yellow Gold","","https://swissmadecorp.com/images/rolex-day-date-36mm-118338-18k-yellow-gold-mens-watch-67689.jpg","","","","","false","false","","",""
"18117","Rolex","126334","7V1T4903","Unworn","true","true","","17500","2026","Non-Numeric Hour Marks","Jubilee","","https://swissmadecorp.com/images/rolex-datejust-41mm-126334-stainless-steel-mens-watch-92761.jpg","","","","","false","false","","",""
"18119","Rolex","126710GRNR","1Z26T683","Unworn","true","true","","21600","2026","Non-Numeric Hour Marks","Oyster","","https://swissmadecorp.com/images/rolex-gmt-master-ii-40mm-126710grnr-stainless-steel-mens-watch-QvtHac9CtV.jpg","","","","","false","false","","",""
"18121","Rolex","124200","02UP1055","Pre-owned","true","true","","7750","2021","Non-Numeric Hour Marks","Stainless Steel","","https://swissmadecorp.com/images/rolex-oyster-perpetual-no-date-34mm-124200-stainless-steel-womens-watch-pBK1VDInAX.jpg","","","","","false","false","","",""
"18131","Rolex","168623","3262X355","Pre-owned","false","true","","9600","2010","Non-Numeric Hour Marks","Oyster","","https://swissmadecorp.com/images/rolex-yacht-master-168623-96805.jpg","","","","","false","false","","",""
"18155","Bulgari/Bvlgari","BJ 02 ","G 1371","Pre-owned","false","false","","16000","","Non-Numeric Hour Marks","18K White Gold","","https://swissmadecorp.com/images/bulgaribvlgari-alveare-18mm-bj-02-18k-white-gold-womens-watch-8L5q3wJL78.jpg","","","","","false","false","","",""
"18159","Cartier","WT200006","3281775743RX","Pre-owned","false","true","","16500","","Roman Numerals","Leather","","https://swissmadecorp.com/images/cartier-tank-louis-40x35mm-wt200006-18k-white-gold-unisex-watch-xnOmUvjf9V.jpg","","","","","false","false","","",""
"18162","Cartier","WJ2005W3","256011645","Pre-owned","false","false","","18000","","Roman Numerals","18K White Gold","","https://swissmadecorp.com/images/cartier-laniere-wj2005w3-18k-white-gold-womens-watch-Wfnb0yzufy.jpg","","","","","false","false","","",""
"18168","Piaget","P10763","1118931","Unworn","false","false","","14500","","Non-Numeric Hour Marks","Leather","","https://swissmadecorp.com/images/piaget-altiplano-38mm-p10763-18k-rose-gold-unisex-watch-bmGmiFTOL2.jpg","","","","","false","false","","",""
"18173","Rolex","6623/8","E652060","Pre-owned","true","true","","9600","1997","Non-Numeric Hour Marks","Leather","","https://swissmadecorp.com/images/rolex-cellini-38mm-66238-18k-yellow-gold-mens-watch-HEHtCfK2ZN.jpg","","","","","false","false","","",""
"18176","Rolex","16700","U968231","Pre-owned","false","true","","14500","1999","Non-Numeric Hour Marks","Oyster","","https://swissmadecorp.com/images/rolex-gmt-master-ii-40mm-16700-stainless-steel-mens-watch-TNltAU4uDO.jpg","","","","","false","false","","",""
"18178","Rolex","5330","A778022","Pre-owned","false","false","","8850","1999","Roman Numerals","Leather","","https://swissmadecorp.com/images/rolex-cellini-36mm-5330-18k-yellow-gold-mens-watch-iuXCmqrPFO.jpg","","","","","false","false","","",""
"18179","Rolex","168622","Y184750","Pre-owned","false","false","","7000","2002","Non-Numeric Hour Marks","Oyster","","https://swissmadecorp.com/images/rolex-yacht-master-168622-89522.jpg","","","","","false","false","","",""
"18187","Chopard","4527","643882","Pre-owned","false","false","","5500","","No Hour Marks","Leather","","https://swissmadecorp.com/images/chopard-happy-diamonds-258mm-4527-18k-rose-gold-womens-watch-BJQHaWdEyW.jpg","","","","","false","false","","",""
"18237","Rolex","126600","Y0T07001","Pre-owned","true","true","","14000","2026","Non-Numeric Hour Marks","Oyster","","https://swissmadecorp.com/images/rolex-sea-dweller-126600-57312.jpg","","","","","false","false","","",""
"18238","Rolex","116520","644U5032","New (old stock)","true","true","","32500","2011","Non-Numeric Hour Marks","Oyster","","https://swissmadecorp.com/images/rolex-daytona-116520-52090.jpg","","","","","false","false","","",""
"18241","Rolex","226627","N8P92274","Unworn","true","true","","27450","2026","Non-Numeric Hour Marks","Titanium","","https://swissmadecorp.com/images/rolex-yacht-master-42mm-226627-titanium-mens-watch-pdutPVFoNu.jpg","","","","","false","false","","",""
"18245","Rolex","6623/8","S104409","Pre-owned","true","true","","18950","1995","Non-Numeric Hour Marks","18K Yellow Gold","","https://swissmadecorp.com/images/rolex-cellini-37mm-66238-18k-yellow-gold-mens-watch-egGfOHMuE3.jpg","","","","","false","false","","",""
"18252","Rolex","116500LN","33S22400","Pre-owned","true","true","","28000","2018","Non-Numeric Hour Marks","Oyster","","https://swissmadecorp.com/images/rolex-daytona-116500ln-46515.jpg","","","","","false","false","","",""
"18256","Rolex","116713LN","6081U9Q0","Pre-owned","false","false","","14000","2011-Present","Non-Numeric Hour Marks","Oyster","","https://swissmadecorp.com/images/rolex-gmt-master-ii-116713-42568.jpg","","","","","false","false","","",""
"18257","Rolex","16622","Z361848","Pre-owned","false","false","","9750","2006-2007","Non-Numeric Hour Marks","Oyster","","https://swissmadecorp.com/images/rolex-yacht-master-16622-37826.jpg","","","","","false","false","","",""
"18262","Piaget","84023 K81","847979-02","Vintage","false","false","","14500","","Non-Numeric Hour Marks","18K White Gold","","https://swissmadecorp.com/images/piaget-dancer-32mm-84023-k81-18k-white-gold-unisex-watch-irVOMxiv80.jpg","","","","","false","false","","",""
"18287","Rolex","126713GRNR","661R6450","Unworn","true","true","","24750","2026","Non-Numeric Hour Marks","Jubilee","","https://swissmadecorp.com/images/rolex-gmt-master-ii-40mm-126713grnr-18k-yellow-goldstainless-steel-mens-watch-lL7rWiDQES.jpg","","","","","false","false","","",""
"18289","Rolex","126900","22F566X1","Unworn","true","true","","11000","2026","Arabic Numerals","Oyster","","https://swissmadecorp.com/images/rolex-air-king-126900-42916.jpg","","","","","false","false","","",""
"18298","Cartier","W1507651","14200R30731","Pre-owned","false","false","","9000","","Roman Numerals","Leather","","https://swissmadecorp.com/images/cartier-diabolo-33mm-w1507651-18k-yellow-gold-womens-watch-HABfzSBvwI.jpg","","","","","false","false","","",""
"18299","Cartier","W3014356","2393MG278179","Pre-owned","false","false","","13500","","Arabic Numerals","Leather","","https://swissmadecorp.com/images/cartier-pasha-38mm-w3014356-18k-yellow-gold-unisex-watch-e74RLhfBRu.jpg","","","","","false","false","","",""
"18304","Rolex","126303","7740H1W2","Unworn","false","true","","17000","2025","Non-Numeric Hour Marks","Oyster","","https://swissmadecorp.com/images/rolex-datejust-41mm-126303-Q2PVqbPcfk.jpg","","","","","false","false","","",""
"18305","Rolex","126303","331047Q6","Pre-owned","false","true","","19000","2025","Non-Numeric Hour Marks","Oyster","","https://swissmadecorp.com/images/rolex-datejust-ii-41mm-126303-18k-yellow-goldstainless-steel-mens-watch-XZUt7YlV4e.jpg","","","","","false","false","","",""
"18306","Rolex","126301","84SD6817","Unworn","false","true","","17800","2026","Non-Numeric Hour Marks","Oyster","","https://swissmadecorp.com/images/rolex-datejust-41mm-126301-18k-rose-goldstainless-steel-mens-watch-ZlgnCiWAPL.jpg","","","","","false","false","","",""
"18307","Rolex","268622","DY665058","Unworn","false","true","","14500","2024","No Hour Marks","Oyster","","https://swissmadecorp.com/images/rolex-yacht-master-37-268622-17131.jpg","","","","","false","false","","",""
"18308","Rolex","124273","9338X6J1","Unworn","false","true","","15000","2025","Arabic Numerals","Oyster","","https://swissmadecorp.com/images/rolex-explorer-124273-32101.jpg","","","","","false","false","","",""
"18309","Rolex","16233","L491284","Pre-owned","false","false","","8000","1989","Non-Numeric Hour Marks","Jubilee","","https://swissmadecorp.com/images/rolex-datejust-36mm-16233-18k-yellow-goldstainless-steel-mens-watch-LYtfopKKbj.jpg","","","","","false","false","","",""
"18312","Rolex","116333","4063Y413","Pre-owned","false","false","","13000","2011-Present","Non-Numeric Hour Marks","Oyster","","https://swissmadecorp.com/images/rolex-datejust-ii-116333-71193.jpg","","","","","false","false","","",""
"18317","Cartier","W2009251","2788626610RX","Pre-owned","false","true","","9850","2020","Roman Numerals","Leather","","https://swissmadecorp.com/images/cartier-dumont-385mmx303mm-w2009251-18k-rose-gold-unisex-watch-34652.jpg","https://swissmadecorp.com/images/cartier-dumont-385x303mm-w2009251-18k-rose-gold-unisex-watch-HHHzZmkACS.jpg","https://swissmadecorp.com/images/cartier-dumont-385x303mm-w2009251-18k-rose-gold-unisex-watch-kWYIDJhQXr.jpg","https://swissmadecorp.com/images/cartier-dumont-385x303mm-w2009251-18k-rose-gold-unisex-watch-dPb70T6L3G.jpg","https://swissmadecorp.com/images/cartier-dumont-385x303mm-w2009251-18k-rose-gold-unisex-watch-IoDDO1bURQ.jpg","false","false","","",""
"18325","Cartier","W2009251","2788620525UX","Pre-owned","false","false","","9500","","Roman Numerals","Leather","","https://swissmadecorp.com/images/cartier-santos-dumont-w2009251-31709.jpg","https://swissmadecorp.com/images/cartier-santos-dumont-38x30mm-w2009251-18k-rose-gold-mens-watch-rjFJWIXBv6.jpg","https://swissmadecorp.com/images/cartier-santos-dumont-38x30mm-w2009251-18k-rose-gold-mens-watch-E9aOqgDyAP.jpg","https://swissmadecorp.com/images/cartier-santos-dumont-38x30mm-w2009251-18k-rose-gold-mens-watch-qEUWKYJJeJ.jpg","https://swissmadecorp.com/images/cartier-santos-dumont-38x30mm-w2009251-18k-rose-gold-mens-watch-ITiNquOaBe.jpg","false","false","","",""
"18345","Rolex","126234","923PR179","Pre-owned","true","true","","14000","2024","Non-Numeric Hour Marks","Jubilee","","https://swissmadecorp.com/images/rolex-datejust-36mm-126234-stainless-steel-unisex-watch-66916.jpg","","","","","false","false","","",""
"18346","Rolex","116520","G638374","New (old stock)","true","true","","26000","2013","Non-Numeric Hour Marks","Oyster","","https://swissmadecorp.com/images/rolex-daytona-116520-52090.jpg","","","","","false","false","","",""
"18347","Rolex","116523","M727118","Pre-owned","false","false","","20500","2008","Arabic Numerals","Oyster","","https://swissmadecorp.com/images/rolex-daytona-40mm-116523-18k-yellow-goldstainless-steel-mens-watch-4PPIrTbrYY.jpg","","","","","false","false","","",""
"18356","Patek Philippe","4868G","3309118/4349829","Pre-owned","false","false","","10550","","Roman Numerals","Satin","","https://swissmadecorp.com/images/patek-philippe-gondolo-28mm-4868g-18k-white-gold-womens-watch-c6yoRYCZon.jpg","","","","","false","false","","",""
"18361","Cartier","W2009251","278854268UX","Pre-owned","false","false","","8800","","Roman Numerals","Leather","","https://swissmadecorp.com/images/cartier-santos-dumont-w2009251-31709.jpg","","","","","false","false","","",""
"18365","Van Cleef & Arpels","VCARO30200","HH5297/257274","Pre-owned","false","false","","18800","","No Hour Marks","Satin","","https://swissmadecorp.com/images/van-cleef-arpels-alhambra-talisman-40mm-vcaro30200-18k-rose-gold-womens-watch-ZWcG1es08L.jpg","","","","","false","false","","",""
"18373","Patek Philippe","4890J-001","3077915/4005751","Pre-owned","false","false","","10500","","Roman Numerals","Leather","","https://swissmadecorp.com/images/patek-philippe-calatrava-28mm-4890j-001-18k-yellow-gold-womens-watch-SqSnSk87NR.jpg","","","","","false","false","","",""
"18381","Bulgari/Bvlgari","SPC35WG","PO 0662","Pre-owned","false","false","","9600","","Roman Numerals","Ceramic","","https://swissmadecorp.com/images/bulgaribvlgari-serpenti-spiga-3523mm-spc35wg-ceramic-womens-watch-kd5FQrk2Qi.jpg","https://swissmadecorp.com/images/bulgaribvlgari-serpenti-spiga-3523mm-spc35wg-ceramic-womens-watch-kK4sk9HFD9.jpg","https://swissmadecorp.com/images/bulgaribvlgari-serpenti-spiga-3523mm-spc35wg-ceramic-womens-watch-2KOzrbVlvc.jpg","","","false","false","","",""
"18393","Cartier","WSPN0007","4016868574XX","Pre-owned","false","true","","5500","2019","Roman Numerals","Stainless Steel","","https://swissmadecorp.com/images/cartier-panthere-wspn0007-39776.jpg","","","","","false","false","","",""
"18401","Cartier","W1546051","2763013","Pre-owned","false","false","","19000","","Roman Numerals","Leather","","https://swissmadecorp.com/images/cartier-tortue-xl-48x38mm-w1546051-18k-rose-gold-mens-watch-jJ2DPRsOeK.jpg","","","","","false","false","","",""
"18450","Rolex","218238","CD798438","Pre-owned","false","false","","42500","2011-Present","Non-Numeric Hour Marks","President","","https://swissmadecorp.com/images/rolex-day-date-41mm-218238-18k-yellow-gold-mens-watch-3iIahJ2tEK.jpg","","","","","false","false","","",""
"18462","Rolex","16518","T375732","Pre-owned","false","false","","26000","1996","Arabic Numerals","Leather","","https://swissmadecorp.com/images/rolex-daytona-40mm-16518-u72IprBdqP.jpg","","","","","false","false","","",""
"18464","Rolex","116681","764D62G5","Pre-owned","true","true","","22500","2015","Non-Numeric Hour Marks","Oyster","","https://swissmadecorp.com/images/rolex-yacht-master-116681-89296.jpg","","","","","false","false","","",""
"18467","Blancpain","5018-1230-64A","74","New (old stock)","true","true","","30000","2022","Arabic Numerals","Rubber","","https://swissmadecorp.com/images/blancpain-fifty-fathoms-x-fathoms-5565mm-5018-1230-64a-titanium-mens-watch-oTA5F4sabe.jpg","","","","","false","false","","",""
"18469","Rolex","16233","X536453","Pre-owned","false","false","","7500","1991","Non-Numeric Hour Marks","Oyster","","https://swissmadecorp.com/images/rolex-datejust-36mm-116233-18k-yellow-goldstainless-steel-unisex-watch-57798.jpg","","","","","false","false","","",""
"18488","Rolex","126231","3GH02753","Unworn","true","true","","18550","2025","Non-Numeric Hour Marks","Jubilee","","https://swissmadecorp.com/images/rolex-datejust-126231-74515.jpg","","","","","false","false","","",""
"18489","Rolex","126301","0U7656D1","Unworn","true","true","","17000","2026","Non-Numeric Hour Marks","18K Rose Gold/Stainless Steel","","https://swissmadecorp.com/images/rolex-datejust-41mm-126301-18k-rose-gold-mens-watch-WilkSKrRnd.jpg","","","","","false","false","","",""
"18490","Rolex","126300","G587M640","Unworn","true","true","","12750","2025","Non-Numeric Hour Marks","Oyster","","https://swissmadecorp.com/images/rolex-datejust-41mm-126300-stainless-steel-mens-watch-53473.jpg","","","","","false","false","","",""
"18491","Breguet","8928BB/8D/844.DD0D","3073X","Pre-owned","true","false","","29500","","Arabic Numerals","Satin","","https://swissmadecorp.com/images/breguet-reine-de-naples-24mm-8928bb8d844dd0d-18k-white-gold-womens-watch-I4355OflHW.jpg","","","","","false","false","","",""
"18500","Cartier","WB520005","303377153SX","Pre-owned","false","true","3033140255RX","21000","","Roman Numerals","Satin","","https://swissmadecorp.com/images/cartier-baignoire-wb520005-47186.jpg","","","","","false","false","","",""
"18501","Rolex","126334","4075K329","Pre-owned","true","true","","","2020","Roman Numerals","Oyster","","https://swissmadecorp.com/images/rolex-datejust-41mm-126334-stainless-steel-mens-watch-S32V5l5eau.jpg","","","","","false","false","","",""
"18507","Cartier","W1560017","3280775500RX","Pre-owned","false","false","","13000","","Roman Numerals","Leather","","https://swissmadecorp.com/images/cartier-tank-louis-xl-40x32mm-w1560017-18k-rose-gold-mens-watch-ofKXxd06vL.jpg","","","","","false","false","","",""
"18515","Cartier","W62031Y4","2510451924NX","Pre-owned","false","false","","7500","","Roman Numerals","18K Yellow Gold/Stainless Steel","","https://swissmadecorp.com/images/cartier-roadster-443mmx387mm-w62031y4-stainless-steel-unisex-watch-kGWdb3Ad0a.jpg","","","","","false","false","","",""
"18518","Cartier","HPI01261"," 4061C057/100","Pre-owned","true","true","","90000","2021","Non-Numeric Hour Marks","Leather","","https://swissmadecorp.com/images/cartier-revelation-dune-panthere-37mm-hpi01261-18k-rose-gold-unisex-watch-yHkhdb4Wm7.jpg","","","","","false","false","","",""
"18519","Cartier","W2009251","2788626402QX","Pre-owned","false","true","","8800","","Roman Numerals","Leather","","https://swissmadecorp.com/images/cartier-santos-dumont-w2009251-31709.jpg","","","","","false","false","","",""
"18524","Cartier","WH100351"," 2788626227QX","Pre-owned","true","true","","14500","2016","Roman Numerals","Leather","","https://swissmadecorp.com/images/cartier-santos-dumont-30x38mm-wh100351-18k-rose-gold-womens-watch-qCSRLCBI1b.jpg","","","","","false","false","","",""
"18528","Cartier","W2009251","278836014VX","Pre-owned","true","true","","8800","2016","Roman Numerals","Leather","","https://swissmadecorp.com/images/cartier-santos-dumont-w2009251-31709.jpg","","","","","false","false","","",""
"18531","Cartier","WR007007","356145931TX","Pre-owned","false","false","","25000","","No Hour Marks","Leather","","https://swissmadecorp.com/images/cartier-ronde-louis-36mm-wr007007-18k-white-gold-unisex-watch-ZsWVPhXnkD.jpg","","","","","false","false","","",""
"18535","Cartier","W2009251","2788626397QX","Pre-owned","false","false","","8800","","Roman Numerals","Leather","","https://swissmadecorp.com/images/cartier-santos-dumont-w2009251-31709.jpg","","","","","false","false","","",""
"18536","Cartier","WR007003","326972800RX","Pre-owned","false","false","","28000","","Roman Numerals","Leather","","https://swissmadecorp.com/images/cartier-ronde-louis-42mm-wr007003-18k-white-gold-unisex-watch-XLjuF3mlpH.jpg","","","","","false","false","","",""
"18541","Cartier","W640070I","3083118962NX","Pre-owned","false","false","","17000","","Roman Numerals","18K Rose Gold","","https://swissmadecorp.com/images/cartier-la-dona-1816mm-w640070i-18k-rose-gold-womens-watch-a1y9n9QJ9Q.jpg","","","","","false","false","","",""
"18544","Omega","323.10.40.40.04.001","85447590","Pre-owned","false","true","","4500","","Arabic Numerals","Stainless Steel","","https://swissmadecorp.com/images/omega-speedmaster-date-olympic-timeless-40mm-32310404004001-stainless-steel-mens-watch-s291sMAIQY.jpg","","","","","false","false","","",""
"18547","Cartier","WHCL0002","382810137WX","Pre-owned","false","false","","38000","","Roman Numerals","Leather","","https://swissmadecorp.com/images/cartier-cle-de-cartier-mysterious-hour-41mm-whcl0002-18k-rose-gold-unisex-watch-k3PnZf0NB2.jpg","","","","","false","false","","",""
"18554","Cartier","W1560017","3280774445RX","Pre-owned","false","false","","14100","","Roman Numerals","Leather","","https://swissmadecorp.com/images/cartier-tank-louis-xl-40x32mm-w1560017-18k-rose-gold-mens-watch-l4wS2vyq6H.jpg","https://swissmadecorp.com/images/cartier-tank-louis-xl-40x32mm-w1560017-18k-rose-gold-mens-watch-oTfJBw6qZk.jpg","https://swissmadecorp.com/images/cartier-tank-louis-xl-40x32mm-w1560017-18k-rose-gold-mens-watch-Q4zvjgaeZB.jpg","https://swissmadecorp.com/images/cartier-tank-louis-xl-40x32mm-w1560017-18k-rose-gold-mens-watch-1aVLulvcoU.jpg","","false","false","","",""
"18561","Cartier","WT200006","3281695101SX","Pre-owned","false","false","","16500","","Roman Numerals","Leather","","https://swissmadecorp.com/images/cartier-tank-louis-40x35mm-wt200006-18k-white-gold-unisex-watch-xnOmUvjf9V.jpg","","","","","false","false","","",""
"18567","Van Cleef & Arpels","257274","HH71010","Pre-owned","false","false","","18800","","No Hour Marks","Satin","","https://swissmadecorp.com/images/van-cleef-arpels-alhambra-talisman-40mm-257274-18k-rose-gold-womens-watch-Q5jK7NGExe.jpg","","","","","false","false","","",""
"18569","Patek Philippe","4830G","1967143/4031948","Pre-owned","false","false","","12500","","Roman Numerals","Leather","","https://swissmadecorp.com/images/patek-philippe-golden-ellipse-23x25mm-4830g-18k-white-gold-womens-watch-DGIddV2FcG.jpg","","","","","false","false","","",""
"18573","Cartier","WB704851","250598063RX","Pre-owned","false","true","","15500","2014","Roman Numerals","Leather","","https://swissmadecorp.com/images/cartier-tank-americaine-26x45mm-wb704851-18k-rose-gold-womens-watch-42Ug0jPg6S.jpg","","","","","false","false","","",""
"18577","Cartier","W2PN0007","4017116858WX","Pre-owned","false","true","","9200","2017","Roman Numerals","18K Yellow Gold/Stainless Steel","","https://swissmadecorp.com/images/cartier-panthere-w2pn0007-69365.jpg","https://swissmadecorp.com/images/cartier-panthere-27x37mm-w2pn0007-18k-yellow-goldstainless-steel-womens-watch-1DyQN7lMVi.jpg","https://swissmadecorp.com/images/cartier-panthere-27x37mm-w2pn0007-18k-yellow-goldstainless-steel-womens-watch-0fPQ6w2UIW.jpg","https://swissmadecorp.com/images/cartier-panthere-27x37mm-w2pn0007-18k-yellow-goldstainless-steel-womens-watch-lyw3N6Cdtz.jpg","https://swissmadecorp.com/images/cartier-panthere-27x37mm-w2pn0007-18k-yellow-goldstainless-steel-womens-watch-R9LhaLZSEQ.jpg","false","false","","",""
"18592","Piaget","PI0442","980284","Pre-owned","false","true","","13000","2014","Arabic Numerals","Satin","","https://swissmadecorp.com/images/piaget-dancer-24x26mm-pi0442-18k-yellow-gold-womens-watch-rKp0AaoqAH.jpg","","","","","false","false","","",""
"18606","Rolex","16628","K766148","Pre-owned","true","true","","28500","2003","Non-Numeric Hour Marks","Oyster","","https://swissmadecorp.com/images/rolex-yacht-master-16628-66827.jpeg","","","","","false","false","","",""
"18609","Rolex","336934","W69600J4","Unworn","false","true","","26500","2025","Arabic Numerals","Jubilee","","https://swissmadecorp.com/images/rolex-sky-dweller-336934-44930.jpg","","","","","false","false","","",""
"18613","Rolex","126333","2FG11323","Pre-owned","true","true","","15500","2018","Roman Numerals","Oyster","","https://swissmadecorp.com/images/rolex-datejust-41mm-126333-18k-yellow-goldstainless-steel-mens-watch-27434.jpg","","","","","false","false","","",""
"18615","Rolex","16613","P158994","Pre-owned","false","false","","11500","2000","No Hour Marks","18K Yellow Gold/Stainless Steel","","https://swissmadecorp.com/images/rolex-submariner-40mm-16613-18k-yellow-goldstainless-steel-mens-watch-TZiMISCN1O.jpg","","","","","false","false","","",""
"18616","Rolex","179174","M943603","Pre-owned","false","false","","7350","2008","Non-Numeric Hour Marks","Jubilee","","https://swissmadecorp.com/images/rolex-datejust-26mm-179174-stainless-steel-womens-watch-WB7KR1Zuyp.jpg","","","","","false","false","","",""
"18617","Rolex","16710","P116954","Pre-owned","false","false","","14000","2000","Non-Numeric Hour Marks","Oyster","","https://swissmadecorp.com/images/rolex-gmt-master-ii-40mm-16710-stainless-steel-mens-watch-FRRtxnolaP.jpg","","","","","false","false","","",""
"18622","Piaget","7131 C 701","372020","Pre-owned","false","false","","19500","","No Hour Marks","18K Yellow Gold","","https://swissmadecorp.com/images/piaget-polo-25mm-7131-c-701-18k-yellow-gold-mens-watch-xHRlTXJsxQ.jpg","","","","","false","false","","",""
"18626","Rolex","16518","U234214","Pre-owned","false","true","","32500","2001","Arabic Numerals","Leather","","https://swissmadecorp.com/images/rolex-daytona-40mm-16518-18k-yellow-gold-mens-watch-Rvin7xyMel.jpg","","","","","false","false","","",""
"18630","Vacheron Constantin","X40A2656","2159638","Pre-owned","false","true","","18500","","Arabic Numerals","Leather","","https://swissmadecorp.com/images/vacheron-constantin-x40a2656-40-x40a2656-stainless-steel-mens-watch-ukoxFP3jnz.jpg","","","","","false","false","","",""
"18632","Rolex","116520","F439721","Pre-owned","false","true","","26500","2004","Non-Numeric Hour Marks","Oyster","","https://swissmadecorp.com/images/rolex-daytona-116520-84069.jpg","","","","","false","false","","",""
"18633","Rolex","16628","K766142","Pre-owned","false","true","","28000","2001","Non-Numeric Hour Marks","Oyster","","https://swissmadecorp.com/images/rolex-yacht-master-16628-66827.jpeg","","","","","false","false","","",""
"18637","Rolex","16713","X637398","Pre-owned","false","false","","12500","1991","Non-Numeric Hour Marks","Oyster","","https://swissmadecorp.com/images/rolex-gmt-master--ii-16713-73356.jpg","","","","","false","false","","",""
"18638","Rolex","16233","T723158","Pre-owned","false","false","","7500","1996","Non-Numeric Hour Marks","Jubilee","","https://swissmadecorp.com/images/rolex-datejust-36mm-16233-18k-yellow-goldstainless-steel-mens-watch-LYtfopKKbj.jpg","","","","","false","false","","",""
"18639","Piaget","P10446","1048689","Pre-owned","false","true","","13000","2014","Non-Numeric Hour Marks","Leather","","https://swissmadecorp.com/images/piaget-emperador-xl-36x46mm-p10446-18k-rose-gold-unisex-watch-Nn2JVQ3Vjm.jpg","","","","","false","false","","",""
"18640","Rolex","116713LN","G477711","Pre-owned","false","true","","15000","2012","Non-Numeric Hour Marks","Oyster","","https://swissmadecorp.com/images/rolex-gmt-master-ii-116713-42568.jpg","","","","","false","false","","",""
"18644","Ebel","","77300037","Pre-owned","false","false","","22000","","Non-Numeric Hour Marks","Leather","","https://swissmadecorp.com/images/ebel-1911-la-carree-41mm-18k-white-gold-mens-watch-0FCjRrnwmk.jpg","","","","","false","false","","",""
"18645","Chopard","17/3451","515345/4661","Pre-owned","false","false","","12500","","Roman Numerals","Leather","","https://swissmadecorp.com/images/chopard-your-hour-31mmx28mm-173451-18k-white-gold-womens-watch-ng22yq48Nl.jpg","","","","","false","false","","",""
"18646","Franck Muller","2852 SC DP CD","24","Pre-owned","false","false","","12500","","Arabic Numerals","Leather","","https://swissmadecorp.com/images/franck-muller-cintre-curvex-30mmx42mm-2852-sc-dp-cd-18k-white-gold-unisex-watch-Dc7dXBlNsE.jpg","","","","","false","false","","",""
"18650","Rolex","116520","Z660211","Pre-owned","false","true","","26000","2006-2007","Non-Numeric Hour Marks","Oyster","","https://swissmadecorp.com/images/rolex-daytona-116520-61911.jpg","","","","","false","false","","",""
"18652","Rolex","69173","S683509","Pre-owned","false","false","","6500","1994","Roman Numerals","Oyster","","https://swissmadecorp.com/images/rolex-datejust-26mm-69173-18k-yellow-goldstainless-steel-womens-watch-0MWKzwmW9C.jpg","","","","","false","false","","",""
"18653","Rolex","16523","T907517","Pre-owned","false","false","","18500","1996","Non-Numeric Hour Marks","Oyster","","https://swissmadecorp.com/images/rolex-daytona-40mm-16523-18k-yellow-goldstainless-steel-mens-watch-BCm8W21Rq7.jpg","","","","","false","false","","",""
"18654","Breguet","5837BR/92/5ZU","983AB","Pre-owned","true","true","","61500","","Roman Numerals","Rubber","","https://swissmadecorp.com/images/breguet-marine-tourbillon-chronograph-42mm-5837br925zu-18k-rose-gold-mens-watch-lIp92MXnVP.jpg","","","","","false","false","","",""
"18656","Rolex","69178","8618922","Pre-owned","false","false","","12500","","Non-Numeric Hour Marks","President","","https://swissmadecorp.com/images/rolex-datejust-26mm-69178-18k-yellow-gold-womens-watch-mnltvkv38v.jpg","","","","","false","false","","",""
"18661","Rolex","126710BLNR","0Q7Q9093","Pre-owned","true","true","","","2020","Non-Numeric Hour Marks","Jubilee","","https://swissmadecorp.com/images/rolex-gmt-master-ii-126710blnr-66346.jpg","","","","","false","false","","",""
"18662","Rolex","116400GV","6V6M4637","Pre-owned","true","true","","14500","2016","Non-Numeric Hour Marks","Oyster","","https://swissmadecorp.com/images/rolex-milgauss-116400gv-35173.jpg","","","","","false","false","","",""
"18663","Rolex","114060","2729R2C6","Pre-owned","true","true","","13500","2011-Present","Non-Numeric Hour Marks","Oyster","","https://swissmadecorp.com/images/rolex-submariner-116610ln-76474.jpg","","","","","false","false","","",""
"18664","Rolex","126610LV","7Z7S5953","Pre-owned","false","false","","14250","2011-Present","Non-Numeric Hour Marks","Oyster","","https://swissmadecorp.com/images/rolex-submariner-126610lv-47162.jpg","","","","","false","false","","",""
"18665","Rolex","126613LB","62Y920Z5","Pre-owned","true","true","","18500","2020","Non-Numeric Hour Marks","Oyster","","https://swissmadecorp.com/images/rolex-submariner-126613lb-19103.jpg","","","","","false","false","","",""
"18666","Rolex","126333","1C2308L7","Pre-owned","false","false","","16500","2011-Present","Roman Numerals","Jubilee","","https://swissmadecorp.com/images/rolex-datejust-41mm-126333-18k-yellow-goldstainless-steel-mens-watch-77578.jpg","","","","","false","false","","",""
"18668","Rolex","16610","D305991","Pre-owned","true","true","","11000","2005","Non-Numeric Hour Marks","Oyster","","https://swissmadecorp.com/images/rolex-submariner-40mm-16610-stainless-steel-mens-watch-YKRlzUSZfO.jpg","","","","","false","false","","",""
"18669","Rolex","18038","8992756","Pre-owned","false","false","","19500","","Non-Numeric Hour Marks","President","","https://swissmadecorp.com/images/rolex-day-date-18238-14777.jpg","","","","","false","false","","",""
"18670","Rolex","16613","E948404","Pre-owned","false","false","","11500","1990","No Hour Marks","Oyster","","https://swissmadecorp.com/images/rolex-submariner-40mm-16613-18k-yellow-goldstainless-steel-mens-watch-TZiMISCN1O.jpg","","","","","false","false","","",""
"18672","Cartier"," WSSA0061","4075239039EY","Pre-owned","false","true","","7800","","Roman Numerals","Stainless Steel","","https://swissmadecorp.com/images/cartier-santos-de-cartier-35x41mm-wssa0061-stainless-steel-unisex-watch-WAufElhcqU.jpg","https://swissmadecorp.com/images/cartier-santos-de-cartier-35x41mm-wssa0061-stainless-steel-unisex-watch-Y1fYWWGImj.jpg","","","","false","false","","",""
"18677","Cartier","WE902080","3753538504WX","Pre-owned","false","true","","8550","","Roman Numerals","Stainless Steel","","https://swissmadecorp.com/images/cartier-ballon-bleu-we902080-72171.jpg","","","","","false","false","","",""
"18679","Van Cleef & Arpels","257274","HH67208","Pre-owned","false","false","","18800","","No Hour Marks","Satin","","https://swissmadecorp.com/images/van-cleef-arpels-alhambra-talisman-h45534-88754.jpg","","","","","false","false","","",""
"18681","Van Cleef & Arpels","VCARM95100","HH29063","Pre-owned","false","false","","15000","","Non-Numeric Hour Marks","Leather","","https://swissmadecorp.com/images/van-cleef-arpels-charms-hh41429-32226.jpg","","","","","false","false","","",""
"18682","Van Cleef & Arpels","357274","HH45798","Pre-owned","false","false","","17500","","No Hour Marks","Satin","","https://swissmadecorp.com/images/van-cleef-arpels-alhambra-talisman-40mmx40mm-hh45778-18k-white-gold-womens-watch-8ZPZC1o5zI.jpg","","","","","false","false","","",""
"18683","Cartier","WE600251","2836135504MX","Pre-owned","false","false","","10500","","Roman Numerals","Leather","","https://swissmadecorp.com/images/cartier-la-dona-28x285mm-we600251-18k-rose-gold-womens-watch-qLnsD6ARv4.jpg","","","","","false","false","","",""
"18684","Patek Philippe","5119J-001","3570981/4471475","Pre-owned","false","false","","16600","","Roman Numerals","Leather","","https://swissmadecorp.com/images/patek-philippe-calatrava-36mm-5119r-18k-rose-gold-mens-watch-78725.jpg","","","","","false","false","","",""
"18686","Cartier","W6920070","3489508184SX","Pre-owned","false","false","","6500","","Non-Numeric Hour Marks","18K Rose Gold/Stainless Steel","","https://swissmadecorp.com/images/cartier-ballon-bleu-w6920033-12021.jpg","","","","","false","false","","",""
"18688","Cartier","W69002Z2","3007115460QX","Pre-owned","false","false","","17000","","Roman Numerals","18K Rose Gold","","https://swissmadecorp.com/images/cartier-ballon-bleu-w69002z2-19923.jpg","","","","","false","false","","",""
"18691","Vacheron Constantin","25515/000R","1265161","Pre-owned","false","false","","11500","","Roman Numerals","18K Rose Gold","","https://swissmadecorp.com/images/vacheron-constantin-1972-21mmx37mm-25515000r-18k-rose-gold-womens-watch-J14WbKRYdW.jpg","","","","","false","false","","",""
"18694","Cartier","WA5049W9","264418217CE","Pre-owned","false","false","","24500","","Roman Numerals","18K White Gold","","https://swissmadecorp.com/images/cartier-tortue-28mmx26mm-wa5049w9-18k-white-gold-womens-watch-x9K3Ch2OiW.jpg","","","","","false","false","","",""
"18695","Cartier","W69007Z3","3009325832SX","Pre-owned","false","false","","5500","","Roman Numerals","18K Yellow Gold/Stainless Steel","","https://swissmadecorp.com/images/cartier-ballon-bleu-w69007z3-38780.jpg","","","","","false","false","","",""
"18696","Cartier","WJBB0010","3927452835XX","Pre-owned","false","false","","7850","","Non-Numeric Hour Marks","Leather","","https://swissmadecorp.com/images/cartier-ballon-bleu-36mm-wjbb0010-18k-rose-gold-womens-watch-c3V1X4Gmue.jpg","","","","","false","false","","",""
"18697","Cartier","WG600007"," 311676447RX","Pre-owned","false","false","","10500","","Roman Numerals","Satin","","https://swissmadecorp.com/images/cartier-captive-27mm-wg600007-18k-rose-gold-womens-watch-2UQnQzL2Nb.jpg","","","","","false","false","","",""
"18698","Van Cleef & Arpels","VCARO30200","HH45360","Pre-owned","false","false","","17500","","No Hour Marks","Satin","","https://swissmadecorp.com/images/van-cleef-arpels-alhambra-talisman-40mm-vcaro30200-18k-rose-gold-womens-watch-ZWcG1es08L.jpg","","","","","false","false","","",""
"18701","Cartier","WB704851"," 250599158PX","Pre-owned","false","true","","16500","2011","Roman Numerals","Leather","","https://swissmadecorp.com/images/cartier-tank-americaine-26x45mm-wb704851-18k-rose-gold-womens-watch-42Ug0jPg6S.jpg","","","","","false","false","","",""
"18702","Cartier","W1560034","3280728232SX","Pre-owned","false","false","","14550","","Roman Numerals","Leather","","https://swissmadecorp.com/images/cartier-tank-americaine-32x40mm-w1560034-18k-yellow-gold-unisex-watch-hqlH0sX0w3.jpg","","","","","false","false","","",""
"18703","Cartier","W1556252","373245557UX","Pre-owned","false","false","","12500","","Roman Numerals","Leather","","https://swissmadecorp.com/images/cartier-rotonde-40mm-w1556252-18k-rose-gold-mens-watch-92995.jpg","","","","","false","false","","",""
"18707","Cartier","WR000651","288921602ZX","Pre-owned","false","false","","8800","","Roman Numerals","Leather","","https://swissmadecorp.com/images/cartier-ronde-louis-36mm-wr000651-18k-yellow-gold-unisex-watch-101KNSHlVb.jpg","","","","","false","false","","",""
"18708","Cartier","W60001S8","2357CC516132","Pre-owned","false","false","","16700","","Non-Numeric Hour Marks","18K Yellow Gold","","https://swissmadecorp.com/images/cartier-trinity-27mm-wg200541-18k-yellow-goldstainless-steel-womens-watch-CfcddarL9m.jpg","","","","","false","false","","",""
"18710","Piaget","G0A36188","1059709","Pre-owned","false","false","","6800","","Roman Numerals","Leather","","https://swissmadecorp.com/images/piaget-possession-29mm-g0a36188-18k-rose-gold-womens-watch-8qyi5gtRy6.jpg","","","","","false","false","","",""
"18713","Cartier","WH100251","2858627611RX","Pre-owned","false","true","","14500","2012","Roman Numerals","Leather","","https://swissmadecorp.com/images/cartier-santos-dumont-30x38mm-wh100251-18k-white-gold-mens-watch-MDNwGXEWef.jpg","","","","","false","false","","",""
"18714","Cartier","W2BB0003","3754408029YX","Pre-owned","false","true","","8350","2019","Roman Numerals","18K Rose Gold/Stainless Steel","","https://swissmadecorp.com/images/cartier-ballon-bleu-36mm-w2bb0003-18k-rose-goldstainless-steel-unisex-watch-ZRsAGWxWPN.jpg","https://swissmadecorp.com/images/cartier-ballon-bleu-36mm-w2bb0003-18k-rose-goldstainless-steel-unisex-watch-vNFaTt7Tht.jpg","https://swissmadecorp.com/images/cartier-ballon-bleu-36mm-w2bb0003-18k-rose-goldstainless-steel-unisex-watch-uimE9xYfYJ.jpg","https://swissmadecorp.com/images/cartier-ballon-bleu-36mm-w2bb0003-18k-rose-goldstainless-steel-unisex-watch-Fg0EqErBIU.jpg","https://swissmadecorp.com/images/cartier-ballon-bleu-36mm-w2bb0003-18k-rose-goldstainless-steel-unisex-watch-uPhogXEYKQ.jpg","false","false","","",""
"18715","Cartier","WR000651","2889139186RX","Pre-owned","false","true","","8850","","Roman Numerals","Leather","","https://swissmadecorp.com/images/cartier-ronde-louis-36mm-wr000651-18k-yellow-gold-unisex-watch-101KNSHlVb.jpg","","","","","false","false","","",""
"18716","Cartier","WT200005","3280728096SX","Pre-owned","false","true","","14500","2014","Roman Numerals","Leather","","https://swissmadecorp.com/images/cartier-tank-solo-32x40mm-wt200005-18k-rose-gold-womens-watch-jFJDQA1TTe.jpg","","","","","false","false","","",""
"18718","Patek Philippe","4831G","3074709/4217459","Pre-owned","false","false","","17000","","Roman Numerals","Leather","","https://swissmadecorp.com/images/patek-philippe-golden-ellipse-255x23mm-4831g-18k-white-gold-womens-watch-UKobgkbsnq.jpg","","","","","false","false","","",""
"18720","Cartier","W6920034","3009443677SX","Pre-owned","false","true","","6500","2012","Roman Numerals","18K Rose Gold/Stainless Steel","","https://swissmadecorp.com/images/cartier-ballon-bleu-w6920034-30037.jpg","","","","","false","false","","",""
"18723","Cartier","W660012I","2902458521PX","Pre-owned","false","true","","5500","2010","Roman Numerals","Stainless Steel","","https://swissmadecorp.com/images/cartier-la-dona-w660012i-92740.jpg","https://swissmadecorp.com/images/cartier-la-dona-22mm-w660012i-stainless-steel-mens-watch-UPFnoq7tiY.jpg","https://swissmadecorp.com/images/cartier-la-dona-22mm-w660012i-stainless-steel-mens-watch-alt9RRbPXG.jpg","https://swissmadecorp.com/images/cartier-la-dona-22mm-w660012i-stainless-steel-mens-watch-vDJIjJxSha.jpg","","false","false","","",""
"18724","Cartier","WT000830","261165975CE","Pre-owned","false","false","","5700","","No Hour Marks","Leather","","https://swissmadecorp.com/images/cartier-declaration-36x18mm-wt000830-stainless-steel-womens-watch-92153.jpg","https://swissmadecorp.com/images/cartier-declaration-36x18mm-wt000830-stainless-steel-womens-watch-71231.jpg","","","","false","false","","",""
"18725","Cartier","W20091X7","2740215734LX","Pre-owned","false","false","","7700","","Roman Numerals","Leather","","https://swissmadecorp.com/images/cartier-santos-100-w20091x7-83456.jpeg","","","","","false","false","","",""
"18729","Cartier","WG40023J","3015134833MX","Pre-owned","false","false","","18500","","Roman Numerals","18K Rose Gold","","https://swissmadecorp.com/images/cartier-ballerine-14x23mm-wg40023j-18k-rose-gold-womens-watch-ATWpX3lzkG.jpg","","","","","false","false","","",""
"18731","Cartier","W1529856","2442137749NX","Pre-owned","false","true","","9900","","Roman Numerals","Leather","","https://swissmadecorp.com/images/cartier-tank-louis-22x29mm-2442-18k-yellow-gold-mens-watch-64763.jpg","","","","","false","false","","",""
"18733","Cartier","WE800631","297788419MX","Pre-owned","false","false","","6150","","Roman Numerals","Leather","","https://swissmadecorp.com/images/cartier-love-23mm-we800631-18k-rose-gold-womens-watch-h5aIphaDun.jpg","","","","","false","false","","",""
"18734","Vacheron Constantin","","664556","Pre-owned","false","false","","24500","","No Hour Marks","Leather","","https://swissmadecorp.com/images/vacheron-constantin-vacheron-325mm-18k-white-gold-unisex-watch-N2K43AX9yt.jpg","","","","","false","false","","",""
"18737","Van Cleef & Arpels","28340","80726","Vintage","false","false","","3500","","Roman Numerals","Leather","","https://swissmadecorp.com/images/van-cleef-arpels-vintage-27mm-28340-18k-yellow-gold-unisex-watch-V3ThWChebs.jpg","","","","","false","false","","",""
"18740","Rolex","68278","N503270","Pre-owned","false","false","","21000","1991","Roman Numerals","Jubilee","","https://swissmadecorp.com/images/rolex-datejust-31mm-68278-18k-yellow-gold-womens-watch-611yRKRD3c.jpg","","","","","false","false","","",""
"18742","Cartier","W3140026","2973526482RX","Pre-owned","false","false","","2250","","Arabic Numerals","Leather","","https://swissmadecorp.com/images/cartier-pasha-27mm-w3140026-stainless-steel-womens-watch-MVKVL8MkAF.jpg","","","","","false","false","","",""
"18743","Cartier","W5200024","3168765139UX","Pre-owned","false","false","","6500","","Roman Numerals","Leather","","https://swissmadecorp.com/images/cartier-tank-solo-24x31mm-w5200024-18k-yellow-goldstainless-steel-womens-watch-n9SGhrTrJX.jpg","","","","","false","false","","",""
"18744","Cartier","W6920084","3653365989UX","Pre-owned","false","false","","4650","","Roman Numerals","Stainless Steel","","https://swissmadecorp.com/images/cartier-ballon-bleu-33mm-w6920084-stainless-steel-womens-watch-zAcIgCNmLk.jpg","","","","","false","false","","",""
"18745","Cartier","WE800431","2977138466MX","Pre-owned","false","true","","5500","2010","Roman Numerals","Satin","","https://swissmadecorp.com/images/cartier-love-23mm-we800431-18k-yellow-gold-womens-watch-dNhWGckqSb.jpg","","","","","false","false","","",""
"18747","Cartier","W6920084","3653358260UX","Pre-owned","false","true","","4800","","Roman Numerals","Stainless Steel","","https://swissmadecorp.com/images/cartier-ballon-bleu-33mm-w6920084-stainless-steel-womens-watch-zAcIgCNmLk.jpg","","","","","false","false","","",""
"18748","Cartier","HPI00331","3262A   N31/60","Pre-owned","false","true","","65000","","Roman Numerals","Stainless Steel","","https://swissmadecorp.com/images/cartier-ballon-bleu-dart-elephant-enamel-36mm-hpi00331-18k-white-gold-womens-watch-PmC3DXr9Cy.jpg","","","","","false","false","","",""
"18749","Cartier","W5200024","3168451111ZX","Pre-owned","false","true","","6500","2000","Roman Numerals","Leather","","https://swissmadecorp.com/images/cartier-tank-solo-24x31mm-w5200024-18k-yellow-goldstainless-steel-womens-watch-lfDhkXmGrG.jpg","","","","","false","false","","",""
"18750","Cartier","2645k","013CE","Pre-owned","false","false","","14500","","Roman Numerals","Leather","","https://swissmadecorp.com/images/cartier-tortue-33x28mm-2645k-18k-rose-gold-womens-watch-8iMXiqYfyQ.jpg","","","","","false","false","","",""
"18751","Cartier","WG800017","3379101546RX","Pre-owned","false","true","","18500","2012","Roman Numerals","Leather","","https://swissmadecorp.com/images/cartier-delices-de-cartier-3839x4381mm-wg800017-18k-rose-gold-womens-watch-EDbucAs4bs.jpg","","","","","false","false","","",""
"18752","Cartier","WG800018","338087127RX","Pre-owned","false","false","","12800","","Roman Numerals","Stainless Steel","","https://swissmadecorp.com/images/cartier-delices-de-cartier-38x44mm-wg800018-18k-white-gold-womens-watch-h4Nl1cXtWK.jpg","","","","","false","false","","",""
"18753","Cartier","WE400331","279126234RX","Pre-owned","false","true","","12800","2012","Roman Numerals","Leather","","https://swissmadecorp.com/images/cartier-tonneau-21x39mm-2791-18k-rose-gold-mens-watch-3brdSYd9IW.jpg","","","","","false","false","","",""
"18754","Cartier","W6920011","3194199131QX","Pre-owned","false","false","","4800","","Roman Numerals","Stainless Steel","","https://swissmadecorp.com/images/cartier-ballon-bleu-two-timezone-gmt-38mm-w6920011-stainless-steel-mens-watch-fvBF6T8RGI.jpg","","","","","false","false","","",""
"18755","Cartier","W5310047","3511349577TX","Pre-owned","false","false","","6700","","Roman Numerals","18K Yellow Gold/Stainless Steel","","https://swissmadecorp.com/images/cartier-tank-anglaise-w5310037-28346.jpg","","","","","false","false","","",""
"18756","Cartier","WA503951","2498125309RX","Pre-owned","false","false","","18500","","Roman Numerals","Leather","","https://swissmadecorp.com/images/cartier-tortue-34mm-2498-18k-yellow-gold-womens-watch-59116.jpg","","","","","false","false","","",""
"18760","Cartier","WG800013","3382109397RX","Pre-owned","false","false","","12550","","Roman Numerals","Leather","","https://swissmadecorp.com/images/cartier-delices-de-cartier-30mm-wg800013-18k-rose-gold-womens-watch-47uhrnQxM4.jpg","","","","","false","false","","",""
"18761","Cartier","W1529856","244272248CE","Pre-owned","false","true","","9850","","Roman Numerals","Leather","","https://swissmadecorp.com/images/cartier-tank-louis-290x220mm-w1529856-18k-yellow-gold-womens-watch-btPoeptYQg.jpg","","","","","false","false","","",""
"18762","Cartier","WE902080","3753283672WX","Pre-owned","false","true","","8500","2016","Roman Numerals","Stainless Steel","","https://swissmadecorp.com/images/cartier-ballon-bleu-we902080-72171.jpg","","","","","false","false","","",""
"18763","Patek Philippe","4888G","1343876/4706108","Pre-owned","false","false","","18800","","Arabic Numerals","18K White Gold","","https://swissmadecorp.com/images/patek-philippe-calatrava-4888g-18k-white-gold-unisex-watch-SzY5b2e0Vn.jpg","","","","","false","false","","",""
"18764","Cartier","WJBB0034","3927360994YX","Pre-owned","false","false","","12550","","Roman Numerals","Leather","","https://swissmadecorp.com/images/cartier-ballon-bleu-36mm-wjbb0034-18k-rose-gold-mens-watch-wIjTj4AZak.jpg","","","","","false","false","","",""
"18765","Cartier","W62031Y4","2510477457NX","Pre-owned","false","true","","8050","","Roman Numerals","18K Yellow Gold/Stainless Steel","","https://swissmadecorp.com/images/cartier-roadster-44x385mm-w62031y4-stainless-steel-unisex-watch-muZViCDRfB.jpg","","","","","false","false","","",""
"18766","Cartier","WE400331","2791H037332SM","Pre-owned","false","true","","11800","2006","Roman Numerals","Leather","","https://swissmadecorp.com/images/cartier-tonneau-21x39mm-2791-18k-rose-gold-mens-watch-3brdSYd9IW.jpg","","","","","false","false","","",""
"18767","Cartier","W62031Y4","2510483731NX","Pre-owned","false","true","","8050","2010","Roman Numerals","18K Yellow Gold/Stainless Steel","","https://swissmadecorp.com/images/cartier-roadster-44x385mm-w62031y4-stainless-steel-unisex-watch-muZViCDRfB.jpg","","","","","false","false","","",""
"18769","Cartier","WG800004","338378440RX","Pre-owned","false","false","","19800","","Roman Numerals","Stainless Steel","","https://swissmadecorp.com/images/cartier-34377.jpg","","","","","false","false","","",""
"18770","Cartier","W660012I","2902199151MX","Pre-owned","false","false","","4500","","Roman Numerals","Stainless Steel","","https://swissmadecorp.com/images/cartier-la-dona-w660012i-92740.jpg","https://swissmadecorp.com/images/cartier-la-dona-22mm-w660012i-stainless-steel-mens-watch-UPFnoq7tiY.jpg","https://swissmadecorp.com/images/cartier-la-dona-22mm-w660012i-stainless-steel-mens-watch-alt9RRbPXG.jpg","https://swissmadecorp.com/images/cartier-la-dona-22mm-w660012i-stainless-steel-mens-watch-vDJIjJxSha.jpg","","false","false","","",""
"18771","Cartier","W3BB0007","3754325694VX","Pre-owned","false","true","","7850","","Roman Numerals","18K Rose Gold/Stainless Steel","","https://swissmadecorp.com/images/cartier-ballon-bleu-36mm-w3bb0013-18k-rose-gold-womens-watch-kTFbqYTX7N.jpg","","","","","false","false","","",""
"18772","Cartier","WB520005","303359077TX","Pre-owned","false","false","","19800","2013","Roman Numerals","Satin","","https://swissmadecorp.com/images/cartier-baignoire-wb520005-47186.jpg","","","","","false","false","","",""
"18773","Cartier","WE800431","2977103669LX","Pre-owned","false","false","","5500","","Roman Numerals","Satin","","https://swissmadecorp.com/images/cartier-love-23mm-we800431-18k-yellow-gold-womens-watch-dNhWGckqSb.jpg","","","","","false","false","","",""
"18776","Cartier","WG800013","338286056RX","Pre-owned","false","false","","11500","","Roman Numerals","Leather","","https://swissmadecorp.com/images/cartier-delices-de-cartier-30mm-wg800013-18k-rose-gold-womens-watch-47uhrnQxM4.jpg","","","","","false","false","","",""
"18777","Cartier","W6800251","2889130128SX","Pre-owned","false","false","","6550","","Roman Numerals","Leather","","https://swissmadecorp.com/images/cartier-ronde-louis-36mm-w6800251-18k-rose-gold-unisex-watch-z06VUBh2lI.jpg","","","","","false","false","","",""
"18778","Cartier","W5200002","3168715543RX","Pre-owned","false","false","","6500","","Roman Numerals","Leather","","https://swissmadecorp.com/images/cartier-tank-solo-31x24mm-w5200002-18k-yellow-goldstainless-steel-womens-watch-5Xtt1IcK3S.jpg","","","","","false","false","","",""
"18779","Cartier","W2006951","2650133808RX","Pre-owned","false","false","","10000","","Roman Numerals","Leather","","https://swissmadecorp.com/images/cartier-santos-dumont-446x346mm-w2006951-18k-rose-gold-unisex-watch-qZUFv9LgYh.jpg","https://swissmadecorp.com/images/cartier-santos-dumont-446x346mm-w2006951-18k-rose-gold-unisex-watch-UE84zrCEM7.jpg","https://swissmadecorp.com/images/cartier-santos-dumont-446x346mm-w2006951-18k-rose-gold-unisex-watch-8auX0iW2CZ.jpg","https://swissmadecorp.com/images/cartier-santos-dumont-446x346mm-w2006951-18k-rose-gold-unisex-watch-qmsNE6jcZ1.jpg","","false","false","","",""
"18781","Cartier","W5200002","3168797708RX","Pre-owned","false","false","","6700","","Roman Numerals","Leather","","https://swissmadecorp.com/images/cartier-tank-solo-31x24mm-w5200002-18k-yellow-goldstainless-steel-womens-watch-5Xtt1IcK3S.jpg","","","","","false","false","","",""
"18782","Cartier","W6800251","2889113794NX","Pre-owned","false","false","","6500","","Roman Numerals","Leather","","https://swissmadecorp.com/images/cartier-ronde-louis-36mm-w6800251-18k-rose-gold-unisex-watch-xXKQB4Ld1s.jpg","","","","","false","false","","",""
"18783","Cartier","W1541056","2679322817CE","Pre-owned","false","true","","8700","","Roman Numerals","Leather","","https://swissmadecorp.com/images/car-tank-louis-22x29mm-w1541056-18k-white-gold-womens-watch-PoLaG0zsXR.jpg","https://swissmadecorp.com/images/cartier-tank-louis-22x29mm-w1541056-18k-white-gold-womens-watch-aJpv3frZgF.jpg","https://swissmadecorp.com/images/cartier-tank-louis-22x29mm-w1541056-18k-white-gold-womens-watch-qB3aP6drF0.jpg","https://swissmadecorp.com/images/cartier-tank-louis-22x29mm-w1541056-18k-white-gold-womens-watch-ouA496oqyS.jpg","https://swissmadecorp.com/images/cartier-tank-louis-22x29mm-w1541056-18k-white-gold-womens-watch-GAHjhoSNQz.jpg","false","false","","",""
"18784","Cartier","WG600011","311971259RX","Pre-owned","false","false","","15400","","Roman Numerals","Satin","","https://swissmadecorp.com/images/cartier-captive-35mm-wg600011-18k-rose-gold-womens-watch-xlEOXrdhnt.jpg","","","","","false","false","","",""
"18785","Cartier","WR000651","2889118672RX","Pre-owned","false","false","","9500","","Roman Numerals","Leather","","https://swissmadecorp.com/images/cartier-ronde-louis-36mm-wr000651-18k-yellow-gold-unisex-watch-101KNSHlVb.jpg","","","","","false","false","","",""
"18786","Audemars Piguet","77240OR.ZZ.A809CR.01 ","I 18593","Pre-owned","false","true","","10400","2014","Non-Numeric Hour Marks","Leather","","https://swissmadecorp.com/images/audemars-piguet-jules-audemars-33mm-77240orzza809cr01-18k-rose-gold-unisex-watch-ljg0DRqHZt.jpg","","","","","false","false","","",""
"18787","Audemars Piguet","15320OR.OO.D002CR.01","G10804","Pre-owned","false","true","","21500","2008","Arabic Numerals","Leather","","https://swissmadecorp.com/images/audemars-piguet-millenary-45mm-15320orood002cr01-18k-rose-gold-unisex-watch-MSu9SJxwn8.jpg","","","","","false","false","","",""
"18789","Van Cleef & Arpels","VCARO30200","HH68727","Pre-owned","false","false","","18800","","No Hour Marks","Satin","","https://swissmadecorp.com/images/van-cleef-arpels-alhambra-talisman-40mm-vcaro30200-18k-rose-gold-womens-watch-ZWcG1es08L.jpg","","","","","false","false","","",""
"18790","Cartier","WSTA0010","3589268995VX","Pre-owned","false","false","","4700","","Roman Numerals","Stainless Steel","","https://swissmadecorp.com/images/cartier-tank-345x43mm-wsta0010-stainless-steel-mens-watch-28677.jpg","","","","","false","false","","",""
"18791","Cartier","W1546051","2763130","Pre-owned","false","false","","15400","","Roman Numerals","Leather","","https://swissmadecorp.com/images/cartier-tortue-xl-48x38mm-w1546051-18k-rose-gold-mens-watch-MXCVJWB8Os.jpg","https://swissmadecorp.com/images/cartier-tortue-xl-48x38mm-w1546051-18k-rose-gold-mens-watch-VDtdeov3bm.jpg","https://swissmadecorp.com/images/cartier-tortue-xl-48x38mm-w1546051-18k-rose-gold-mens-watch-pXFpxttu4Z.jpg","https://swissmadecorp.com/images/cartier-tortue-xl-48x38mm-w1546051-18k-rose-gold-mens-watch-ZHA2tuvPCK.jpg","https://swissmadecorp.com/images/cartier-tortue-xl-48x38mm-w1546051-18k-rose-gold-mens-watch-JRNsIs8BDW.jpg","false","false","","",""
"18792","Cartier","WG600010","3118104620QX","Pre-owned","false","false","","15500","","Roman Numerals","Leather","","https://swissmadecorp.com/images/cartier-captive-de-cartier-35mm-wg600010-18k-yellow-gold-womens-watch-wlK9kvC6GX.jpg","","","","","false","false","","",""
"18798","Cartier","WA503751","2496340722MG","Pre-owned","false","true","","17250","2008","Roman Numerals","Leather","","https://swissmadecorp.com/images/cartier-tortue-wa503751-53772.jpg","https://swissmadecorp.com/images/cartier-tortue-wa503751-33170.jpg","","","","false","false","","",""
"18799","Van Cleef & Arpels","2572115","HH53512","Pre-owned","false","false","","17500","","Non-Numeric Hour Marks","Leather","","https://swissmadecorp.com/images/van-cleef-arpels-charms-38mm-vcarm95100-18k-rose-gold-womens-watch-BxyubuzbVU.jpg","","","","","false","false","","",""
"18803","Cartier","WE902042","3262100654SX","Pre-owned","false","false","","27500","","No Hour Marks","Leather","","https://swissmadecorp.com/images/cartier-ballon-blue-36mm-we902042-18k-white-gold-womens-watch-hNitPglsmb.jpg","","","","","false","false","","",""
"18805","Cartier","HPI00331","3262A  N30/60","Pre-owned","false","false","","65000","","Roman Numerals","Stainless Steel","","https://swissmadecorp.com/images/cartier-ballon-bleu-dart-elephant-enamel-36mm-hpi00331-18k-white-gold-womens-watch-PmC3DXr9Cy.jpg","","","","","false","false","","",""
"18806","Cartier","WGBA0017","4511110255EY","Pre-owned","false","true","","","2024","Roman Numerals","Leather","","https://swissmadecorp.com/images/cartier-baignoire-246x187mm-wgba0017-18k-yellow-gold-womens-watch-24nRqoW3fR.jpg","","","","","false","false","","",""
"18807","Cartier","WT200006","3281775670RX","Pre-owned","false","true","","15600","2015","Roman Numerals","Leather","","https://swissmadecorp.com/images/cartier-tank-louis-40x35mm-wt200006-18k-white-gold-unisex-watch-xnOmUvjf9V.jpg","","","","","false","false","","",""
"18808","Cartier","WSNM0008","3978121087WX","Pre-owned","false","true","","6100","2017","Roman Numerals","Leather","","https://swissmadecorp.com/images/cartier-drive-wsnm0008-50853.jpg","","","","","false","false","","",""
"18809","Cartier","W2020067","359643404TX","Pre-owned","false","false","","15300","","Roman Numerals","Leather","","https://swissmadecorp.com/images/cartier-santos-38x475mm-w2020067-18k-rose-gold-mens-watch-85744.jpg","","","","","false","false","","",""
"18810","Cartier","W5200026","3514710008TX","Pre-owned","false","true","","8500","2017","Roman Numerals","Leather","","https://swissmadecorp.com/images/cartier-tank-solo-w5200026-60110.jpg","","","","","false","false","","",""
"18811","Omega","3513.80.00","59252765","Pre-owned","false","false","","2950","","Non-Numeric Hour Marks","Stainless Steel","","https://swissmadecorp.com/images/omega-speedmaster-date-39mm-35138000-stainless-steel-womens-watch-2kThLeyr3t.jpg","","","","","false","false","","",""
"18812","Van Cleef & Arpels","136674","HH51531","Pre-owned","false","false","","17600","","Digital","18K Yellow Gold","","https://swissmadecorp.com/images/van-cleef-arpels-alhambra-26x26mm-136674-18k-yellow-gold-womens-watch-8tzZsB3mG3.jpg","","","","","false","false","","",""
"18813","Cartier","W1556234","358536032TX","Pre-owned","false","true","","16400","2017","Roman Numerals","Leather","","https://swissmadecorp.com/images/cartier-tortue-large-date-48x38mm-w1556234-18k-rose-gold-mens-watch-lk1lzoq839.jpg","","","","","false","false","","",""
"18814","Rolex","178273","60V775X9","Pre-owned","false","false","","15000","2011-Present","Non-Numeric Hour Marks","18K Yellow Gold/Stainless Steel","","https://swissmadecorp.com/images/rolex-datejust-31mm-178273-stainless-steel-womens-watch-PAijXxlVmT.jpg","","","","","false","false","","",""
"18815","Rolex","69178","T473243","Pre-owned","false","false","","11500","1996","Non-Numeric Hour Marks","18K Yellow Gold","","https://swissmadecorp.com/images/rolex-datejust-26mm-69178-18k-yellow-gold-womens-watch-v65ejleTxR.jpg","","","","","false","false","","",""
"18818","Cartier","W2020068","359652752TX","Pre-owned","false","true","","15400","2015","Roman Numerals","Leather","","https://swissmadecorp.com/images/cartier-santos-dumont-w2020068-34375.jpg","","","","","false","false","","",""
"18821","Rolex","116500LN","08J03373","Pre-owned","false","false","","30000","2011-Present","Non-Numeric Hour Marks","Oyster","","https://swissmadecorp.com/images/rolex-daytona-116500ln-25435.jpg","","","","","false","false","","",""
"18822","Patek Philippe","5940G-001","5828296/4699876","Pre-owned","false","false","","49000","","Arabic Numerals","Leather","","https://swissmadecorp.com/images/patek-philippe-complications-perpetual-calendar-446x370mm-5940g-001-18k-white-gold-mens-watch-61889.jpg","https://swissmadecorp.com/images/patek-philippe-complications-perpetual-calendar-446x370mm-5940g-001-18k-white-gold-mens-watch-35744.jpg","https://swissmadecorp.com/images/patek-philippe-complications-perpetual-calendar-446x370mm-5940g-001-18k-white-gold-mens-watch-29762.jpg","https://swissmadecorp.com/images/patek-philippe-complications-perpetual-calendar-446x370mm-5940g-001-18k-white-gold-mens-watch-11764.jpg","https://swissmadecorp.com/images/patek-philippe-complications-perpetual-calendar-446x370mm-5940g-001-18k-white-gold-mens-watch-95194.jpg","false","false","","",""
"18824","Patek Philippe","5006G","1342299","Pre-owned","true","true","","18500","OPEN","No Hour Marks","Leather","","https://swissmadecorp.com/images/patek-philippe-calatrava-33mm-5006g-18k-white-gold-womens-watch-sk6BReCYcJ.jpg","","","","","false","false","","",""
"18825","Cartier","WGTA0212","4567137278EY","Pre-owned","false","true","","8800","2025","Roman Numerals","Leather","","https://swissmadecorp.com/images/cartier-tank-louis-165x24mm-wgta0212-18k-yellow-gold-mens-watch-NtlQpkDAMg.jpg","","","","","false","false","","",""
"18826","Cartier","W2009251","2788625725QX","Pre-owned","false","true","","8400","2022","Roman Numerals","Leather","","https://swissmadecorp.com/images/cartier-santos-dumont-w2009251-31709.jpg","","","","","false","false","","",""
"18827","Cartier","W1560017","3280774530RX","Pre-owned","false","false","","13200","2018","Roman Numerals","Leather","","https://swissmadecorp.com/images/cartier-tank-louis-xl-40x32mm-w1560017-18k-rose-gold-mens-watch-SzcPR99wCU.jpg","https://swissmadecorp.com/images/cartier-tank-louis-xl-40x32mm-w1560017-18k-rose-gold-mens-watch-UrIdM6rsV6.jpg","https://swissmadecorp.com/images/cartier-tank-louis-xl-40x32mm-w1560017-18k-rose-gold-mens-watch-Ss4Ke2W5Ab.jpg","https://swissmadecorp.com/images/cartier-tank-louis-xl-40x32mm-w1560017-18k-rose-gold-mens-watch-fAf0OHAesD.jpg","https://swissmadecorp.com/images/cartier-tank-louis-xl-40x32mm-w1560017-18k-rose-gold-mens-watch-mVmAS0vICF.jpg","false","false","","",""
"18828","Cartier","WH100751","2650104077QX","Pre-owned","false","true","","15400","2022","Roman Numerals","Leather","","https://swissmadecorp.com/images/cartier-santos-dumont-446x346mm-2650-18k-rose-gold-unisex-watch-78262.jpg","","","","","false","false","","",""
"18829","Rolex","6621","W066896","Pre-owned","false","false","","7700","1995","Non-Numeric Hour Marks","Leather","","https://swissmadecorp.com/images/rolex-cellini-26mm-6621-18k-white-gold-womens-watch-JJz7Qprk2m.jpg","","","","","false","false","","",""
"18830","Cartier","W2607456","250345878TX","Pre-owned","false","true","","6450","2014","Roman Numerals","Leather","","https://swissmadecorp.com/images/cartier-tank-americaine-19x348mm-w2607456-18k-rose-gold-unisex-watch-kXr7UzC9C7.jpg","","","","","false","false","","",""
"18831","Cartier","WE800531","2977129301MX","Pre-owned","false","true","","5550","2013","Roman Numerals","Leather","","https://swissmadecorp.com/images/cartier-love-23mm-we800531-18k-yellow-gold-womens-watch-4WE8D1JaaJ.jpg","","","","","false","false","","",""
"18832","Cartier","WT000730","261169765CE","Pre-owned","false","true","","4300","","No Hour Marks","Leather","","https://swissmadecorp.com/images/cartier-declaration-16mm-wt000730-stainless-steel-womens-watch-e3CZgmL8HU.jpg","https://swissmadecorp.com/images/cartier-declaration-16mm-wt000730-stainless-steel-womens-watch-HYcfHCFxPr.jpg","https://swissmadecorp.com/images/cartier-declaration-16mm-wt000730-stainless-steel-womens-watch-F6nh6C0NPF.jpg","","","false","false","","",""
"18834","Cartier","WH100751","2650823378CE","Pre-owned","false","true","","15350","2019","Roman Numerals","Leather","","https://swissmadecorp.com/images/cartier-santos-dumont-446x346mm-2650-18k-rose-gold-unisex-watch-78262.jpg","","","","","false","false","","",""
"18836","Cartier","W1529756","2441134958RX","Pre-owned","false","true","","9200","2017","Roman Numerals","Leather","","https://swissmadecorp.com/images/cartier-tank-louis-25x33mm-w1529756-18k-yellow-gold-unisex-watch-eLCmKBPm71.jpg","https://swissmadecorp.com/images/cartier-tank-louis-25x33mm-w1529756-18k-yellow-gold-unisex-watch-TgF5CYA4qx.jpg","https://swissmadecorp.com/images/cartier-tank-louis-25x33mm-w1529756-18k-yellow-gold-unisex-watch-qBPyG2xFj5.jpg","https://swissmadecorp.com/images/cartier-tank-louis-25x33mm-w1529756-18k-yellow-gold-unisex-watch-KqlhUlJ9TW.jpg","https://swissmadecorp.com/images/cartier-tank-louis-25x33mm-w1529756-18k-yellow-gold-unisex-watch-BDyreJXLpZ.jpg","false","false","","",""
"18837","Rolex","16234","K336499","Pre-owned","true","true","","9500","2002","Non-Numeric Hour Marks","Jubilee","","https://swissmadecorp.com/images/rolex-datejust-36mm-16234-stainless-steel-unisex-watch-lOlVrKnseX.jpg","","","","","false","false","","",""
"18838","Van Cleef & Arpels","136674","HH56308","Pre-owned","false","false","","18800","","Digital","18K Yellow Gold","","https://swissmadecorp.com/images/van-cleef-arpels-alhambra-26x26mm-136674-18k-yellow-gold-womens-watch-8tzZsB3mG3.jpg","","","","","false","false","","",""
"18839","Vacheron Constantin","MCMLXXII","756703","Pre-owned","false","true","","8550","","Roman Numerals","Leather","","https://swissmadecorp.com/images/vacheron-constantin-vc-235x33mm-mcmlxxii-18k-white-gold-unisex-watch-xD5dy4X8AH.jpg","","","","","false","false","","",""
"18844","Cartier","W7100036","3389465965RX","Pre-owned","false","false","","6500","","Roman Numerals","18K Rose Gold/Stainless Steel","","https://swissmadecorp.com/images/cartier-calibre-de-cartier-42mm-w7100036-18k-rose-goldstainless-steel-mens-watch-l6rIX26j2d.jpg","","","","","false","false","","",""
"18845","Cartier","W31058M7","2475823068UF","Pre-owned","false","false","","3500","","Arabic Numerals","Stainless Steel","","https://swissmadecorp.com/images/cartier-pasha-35mm-w31058m7-stainless-steel-unisex-watch-fEy2jShvwW.jpg","","","","","false","false","","",""
"18846","Omega","2511.81.00","58169737","Pre-owned","false","false","","1600","","Non-Numeric Hour Marks","Stainless Steel","","https://swissmadecorp.com/images/omega-seamaster-3625mm-25118100-stainless-steel-unisex-watch-IaA0EWCL7r.jpg","","","","","false","false","","",""
"18850","Omega","196.0316","53468282","Vintage","false","false","","","","Arabic Numerals","Stainless Steel","","https://swissmadecorp.com/images/omega-vintage-32mm-1960316-18k-yellow-goldstainless-steel-unisex-watch-7BwN0VcElS.jpg","","","","","false","false","","",""
"18851","Omega"," 4330.13.00","53785590","Vintage","false","true","","","","Arabic Numerals","Stainless Steel","","https://swissmadecorp.com/images/omega-de-ville-32mm-43301300-18k-yellow-goldstainless-steel-unisex-watch-66lJz9Gi8B.jpg","","","","","false","false","","",""
"18852","Omega","196.0316","04330","Vintage","false","false","","","","Non-Numeric Hour Marks","Stainless Steel","","https://swissmadecorp.com/images/omega-de-ville-32mm-1960316-18k-yellow-goldstainless-steel-unisex-watch-a2J5Cq9KP8.jpg","","","","","false","false","","",""
"18853","Rolex","126603","ZV412611","Pre-owned","true","true","","17000","2023","Non-Numeric Hour Marks","Oyster","","https://swissmadecorp.com/images/rolex-sea-dweller-126603-77170.jpg","","","","","false","false","","",""
"18854","Rolex","116234","H610W590","Pre-owned","false","false","","8500","2011-Present","Roman Numerals","Oyster","","https://swissmadecorp.com/images/rolex-datejust-116234-39400.jpg","","","","","false","false","","",""
"18855","Rolex","116234","M0561370","Pre-owned","true","true","","9000","2016","No Hour Marks","Oyster","","https://swissmadecorp.com/images/rolex-datejust-116234-83907.jpg","","","","","false","false","","",""
"18856","Omega","2581.31.00","57477573","Pre-owned","false","false","","","","No Hour Marks","Stainless Steel","","https://swissmadecorp.com/images/omega-seamaster-25mm-25813100-silver-womens-watch-4iU2URVBEC.jpg","","","","","false","false","","",""
"18857","Cartier","WE100951","2404MG316414","Pre-owned","true","true","","14500","","Roman Numerals","18K White Gold","","https://swissmadecorp.com/images/cartier-tank-francaise-22mmx24mm-we100951-18k-white-gold-unisex-watch-kMKdBUENMx.jpg","","","","","false","false","","",""
"18858","Omega","25812000","54562481","Pre-owned","false","false","","","","No Hour Marks","Stainless Steel","","https://swissmadecorp.com/images/omega-seamaster-26mm-25812000-silver-womens-watch-H369YYvxTw.jpg","","","","","false","false","","",""
"18859","Panerai","PAM00104","H3036/3300","Pre-owned","true","true","","4000","2006","Arabic Numerals","Rubber","","https://swissmadecorp.com/images/panerai-luminor-marina-43mm-pam00104-stainless-steel-mens-watch-95550.jpg","","","","","false","false","","",""
"18861","Cartier","W2607456","250381789QX","Pre-owned","false","false","","6700","","Roman Numerals","Leather","","https://swissmadecorp.com/images/cartier-tank-americaine-35mmx19mm-w2607456-18k-rose-gold-womens-watch-d8EH4Fh160.jpg","","","","","false","false","","",""
"18862","Cartier","W660022I","2835184626LX","Pre-owned","false","false","","6300","","Roman Numerals","Stainless Steel","","https://swissmadecorp.com/images/cartier-la-dona-27mm-w660022i-stainless-steel-womens-watch-33796.jpg","","","","","false","false","","",""
"18863","Cartier","W62016V3","2675228375BB","Pre-owned","false","false","","4600","","Roman Numerals","Stainless Steel","","https://swissmadecorp.com/images/cart-roadster-2675-66557.jpg","","","","","false","false","","",""
"18864","Cartier","W7100015","3389471746RX","Pre-owned","false","false","","5000","","Roman Numerals","Stainless Steel","","https://swissmadecorp.com/images/cartier-calibre-de-cartier-42mm-w7100015-stainless-steel-unisex-watch-Tv9gB0N1Cs.jpg","https://swissmadecorp.com/images/cartier-calibre-de-cartier-42mm-w7100015-stainless-steel-unisex-watch-h4bW7j30OM.jpg","https://swissmadecorp.com/images/cartier-calibre-de-cartier-42mm-w7100015-stainless-steel-unisex-watch-2kEzOtwIkb.jpg","https://swissmadecorp.com/images/cartier-calibre-de-cartier-42mm-w7100015-stainless-steel-unisex-watch-RjIjtZ6yuf.jpg","","false","false","","",""
"18865","Cartier","W2CL0004","3867758345VX","Pre-owned","false","true","","5600","","Roman Numerals","18K Rose Gold/Stainless Steel","","https://swissmadecorp.com/images/cartier-cle-de-cartier-31mm-w2cl0004-18k-rose-goldstainless-steel-unisex-watch-35661.jpg","","","","","false","false","","",""
"18866","Cartier","W6800151","2886122737LX","Pre-owned","false","false","","6000","","Roman Numerals","Leather","","https://swissmadecorp.com/images/cartier-ronde-louis-36mm-w6800251-18k-rose-gold-unisex-watch-z06VUBh2lI.jpg","","","","","false","false","","",""
"18867","Cartier","W25064Z5","2698509563TX","Pre-owned","false","true","","5050","2014","Roman Numerals","Stainless Steel","","https://swissmadecorp.com/images/cartier-santos-20mm-w25064z5-stainless-steel-womens-watch-5OlRNDq47E.jpg","","","","","false","false","","",""
"18868","IWC","IW3750","2600887","Pre-owned","false","false","","13500","","Arabic Numerals","Leather","","https://swissmadecorp.com/images/iwc-da-vinci-perpetual-rattrapante-385mm-iw3751-07-18k-yellow-gold-mens-watch-78603.jpg","https://swissmadecorp.com/images/iwc-da-vinci-perpetual-rattrapante-385mm-iw3751-07-18k-yellow-gold-mens-watch-90813.jpg","https://swissmadecorp.com/images/iwc-da-vinci-perpetual-rattrapante-385mm-iw3751-07-18k-yellow-gold-mens-watch-30912.jpg","","","false","false","","",""
"18869","Girard Perregaux","25882-52-121-BB6B","N 57","Pre-owned","true","true","","15500","2014","Arabic Numerals","Leather","","https://swissmadecorp.com/images/girard-perregaux-vintage-1945-36x49mm-25882-52-121-bb6b-18k-rose-gold-mens-watch-KYlDAkwc3D.jpg","","","","","false","false","","",""
"18870","Tiffany & Co","CT60","151150043","Pre-owned","false","false","","13500","","Arabic Numerals","Leather","","https://swissmadecorp.com/images/tiffany-co-annual-calendar-40mm-ct60-18k-rose-gold-mens-watch-QmWwFYTCw5.jpg","https://swissmadecorp.com/images/tiffany-co-annual-calendar-40mm-ct60-18k-rose-gold-mens-watch-PPAUW9kYuN.jpg","","","","false","false","","",""
"18871","Audemars Piguet","26320ST.OO1220ST.01","I57285","Pre-owned","true","true","","37500","2015","Non-Numeric Hour Marks","Stainless Steel","","https://swissmadecorp.com/images/audemars-piguet-royak-oak-26320stoo1220st01-89417.jpg","","","","","false","false","","",""
"18873","Cartier","W5200002","3168751918TX","Pre-owned","false","true","","6700","2022","Roman Numerals","Leather","","https://swissmadecorp.com/images/cartier-tank-solo-31x24mm-w5200002-18k-yellow-goldstainless-steel-womens-watch-5Xtt1IcK3S.jpg","","","","","false","false","","",""
"18874","Cartier","W2CL0002","3850348235VX","Pre-owned","false","true","","5650","","Roman Numerals","18K Rose Gold/Stainless Steel","","https://swissmadecorp.com/images/cartier-cle-de-cartier-40mm-w2cl0002-18k-rose-goldstainless-steel-mens-watch-i0qAd1zkah.jpg","","","","","false","false","","",""
"18875","Cartier","WE800631","297787634MX","Pre-owned","false","false","","6100","","Roman Numerals","Satin","","https://swissmadecorp.com/images/cartier-love-23mm-we800631-18k-rose-gold-womens-watch-frFwAQq7Bf.jpg","","","","","false","false","","",""
"18876","Cartier","W1018855","2742873852MX","Pre-owned","false","true","","7400","2022","Roman Numerals","Leather","","https://swissmadecorp.com/images/cartier-tank-solo-w5200004-41579.jpg","","","","","false","false","","",""
"18877","Cartier","WE800731","3016119463LX","Pre-owned","false","false","","5700","","Roman Numerals","Satin","","https://swissmadecorp.com/images/cartier-love-23mm-we800831-18k-yellow-gold-womens-watch-ShS8ZAqG2n.jpg","","","","","false","false","","",""
"18879","Cartier","W1018855","2742837183MX","Pre-owned","false","true","","7250","2017","Roman Numerals","Leather","","https://swissmadecorp.com/images/cartier-tank-solo-35x27mm-w1018855-18k-yellow-gold-womens-watch-QUFI7WBZcY.jpg","","","","","false","false","","",""
"18880","Cartier","WSTA0020","3666489659WX","Pre-owned","false","false","","6250","","Roman Numerals","Leather","","https://swissmadecorp.com/images/cartier-tank-chronograph-34x44mm-wsta0020-stainless-steel-mens-watch-d1H896fPj1.jpg","","","","","false","false","","",""
"18881","Cartier","WG200246","2357CC771851","Pre-owned","false","false","","7000","","Non-Numeric Hour Marks","Leather","","https://swissmadecorp.com/images/cartier-trinity-268mm-wg200246-18k-yellow-goldstainless-steel-womens-watch-MxAubZtH86.jpg","","","","","false","false","","",""
"18882","Cartier","W2601556","1710260380CD","Pre-owned","false","true","","7300","","Roman Numerals","Leather","","https://swissmadecorp.com/images/cartier-tank-americaine-19mmx35mm-w2601556-18k-yellow-gold-womens-watch-ipFZrhzqGs.jpg","","","","","false","false","","",""
"18883","Cartier","W5200024","501265XX","Pre-owned","false","false","3168501265XX","6500","","Roman Numerals","Leather","","https://swissmadecorp.com/images/cartier-tank-solo-24x31mm-w5200024-18k-yellow-goldstainless-steel-womens-watch-n9SGhrTrJX.jpg","","","","","false","false","","",""
"18884","Cartier","W69008Z3","3005185025NX","Pre-owned","false","false","","6350","","Roman Numerals","18K Yellow Gold/Stainless Steel","","https://swissmadecorp.com/images/cartier-ballon-bleu-36mm-w69008z3-18k-yellow-goldstainless-steel-unisex-watch-72572.jpg","","","","","false","false","","",""
"18886","Rolex","69173","8945687","Pre-owned","false","false","","5500","","Non-Numeric Hour Marks","Jubilee","","https://swissmadecorp.com/images/rolex-datejust-26mm-69173-stainless-steel-womens-watch-glyD8WDw3f.jpg","","","","","false","false","","",""
"18887","Cartier","W1556224","355238","Pre-owned","false","true","","23750","2019","Roman Numerals","Leather","","https://swissmadecorp.com/images/cartier-rotonde-mystery-42mm-w1556224-18k-white-gold-mens-watch-18953.jpg","","","","","false","false","","",""
"18888","Rolex","69178","N396755","Pre-owned","false","false","","11600","1991","Non-Numeric Hour Marks","President","","https://swissmadecorp.com/images/rolex-datejust-26mm-69178-18k-yellow-gold-womens-watch-IQTBvT9Lis.jpg","","","","","false","false","","",""
"18889","Rolex","6917","3177619","Pre-owned","false","false","","10500","","Non-Numeric Hour Marks","18K Yellow Gold","","https://swissmadecorp.com/images/rolex-datejust-26mm-6917-18k-yellow-gold-womens-watch-zcDXYqDBmz.jpg","","","","","false","false","","",""
"18892","Cartier","WD3017HX","C101292","Pre-owned","false","false","Sn: 1296 C101292","","","Roman Numerals","18K White Gold","","","","","","","false","false","","",""
"18893","Rolex","16623","95K940G6","Pre-owned","false","true","","16500","2011","Non-Numeric Hour Marks","Oyster","","https://swissmadecorp.com/images/rolex-yacht-master-40mm-16623-18k-yellow-goldstainless-steel-mens-watch-ANZ41e7CGk.jpg","","","","","false","false","","",""
"18894","Rolex","16700","U344297","Pre-owned","false","true","","13500","1998","Non-Numeric Hour Marks","Oyster","","https://swissmadecorp.com/images/rolex-gmt-master-ii-40mm-16700-stainless-steel-mens-watch-TNltAU4uDO.jpg","","","","","false","false","","",""
"18895","Audemars Piguet","15123bc.z.0001cr.01","F36223","Pre-owned","false","false","","23500","","Non-Numeric Hour Marks","Leather","","https://swissmadecorp.com/images/audemars-piguet-jules-36mm-15123bcz0001cr01-18k-white-gold-womens-watch-dJSeoLhPAB.jpg","","","","","false","false","","",""
"18896","Rolex","226570","L7Q99641","New","true","true","","14500","2026","Non-Numeric Hour Marks","Oyster","","https://swissmadecorp.com/images/rolex-explorer-ii-226570-42270.jpg","","","","","false","false","","",""
"18897","Rolex","126231","H79052C5","Unworn","true","true","","20000","2026","Non-Numeric Hour Marks","Jubilee","","https://swissmadecorp.com/images/rolex-datejust-36mm-126231-stainless-steel-unisex-watch-LBoKjiie5O.jpg","","","","","false","false","","",""
"18898","Rolex","126622","3DW66440","Unworn","true","true","","18500","2026","Non-Numeric Hour Marks","Stainless Steel","","https://swissmadecorp.com/images/rolex-yacht-master-126622-84845.jpg","","","","","false","false","","",""
"18899","Audemars Piguet","Vintage","13568","Pre-owned","false","false","","11500","","Non-Numeric Hour Marks","18K Yellow Gold","","https://swissmadecorp.com/images/audemars-piguet-vintage-28mm-vintage-18k-yellow-gold-womens-watch-wrzHCxG8ay.jpg","","","","","false","false","","",""
